timestamp;h_raw;h5S_count;h5S_mean;h5S_variance;h5S_std;s_raw;s5S_count;s5S_mean;s5S_variance;s5S_std
00:05.1;;12;-57.75;1.69;1.3;-83;11;-73.54;1.78;1.34
00:05.1;-54;12;-57.67;1.71;1.31;;11;-73.54;1.49;1.22
00:05.2;;12;-57.67;1.71;1.31;-77;11;-73.61;1.48;1.22
00:05.3;;12;-57.67;1.7;1.3;-74;12;-73.6;1.47;1.21
00:05.4;;12;-57.67;1.7;1.3;-77;13;-73.71;1.46;1.21
00:05.5;;12;-57.67;1.71;1.31;-82;13;-73.95;1.46;1.21
00:05.6;-55;13;-57.46;1.73;1.32;;12;-74.13;1.49;1.22
00:05.7;;12;-57.58;1.72;1.31;-79;12;-74.24;1.53;1.24
00:05.7;;12;-57.58;1.69;1.3;-77;11;-74.46;1.56;1.25
00:05.8;-56;13;-57.46;1.69;1.3;;11;-74.55;1.6;1.26
00:05.9;;13;-57.46;1.68;1.3;-76;12;-74.68;1.63;1.28
00:06.0;-55;14;-57.29;1.68;1.3;;12;-74.74;1.66;1.29
00:06.1;;13;-57.15;1.72;1.31;-77;13;-74.82;1.69;1.3
00:06.2;;13;-57.15;1.76;1.33;-76;12;-75.42;1.6;1.27
00:06.2;;13;-57.15;1.79;1.34;-76;13;-75.71;1.47;1.21
00:06.4;;13;-57.15;1.83;1.35;-62;13;-75.54;1.3;1.14
00:06.5;;12;-56;1.93;1.39;-78;14;-75.4;0.89;0.94
00:06.6;;12;-56;2.02;1.42;-61;14;-75.05;0.75;0.86
00:06.6;;12;-56;2.09;1.45;-58;13;-74.53;0.7;0.84
00:06.7;-52;12;-54.67;2.19;1.48;;13;-74.53;0.65;0.81
00:06.8;;12;-54.67;2.24;1.5;-67;14;-74.22;0.6;0.77
00:06.9;;12;-54.67;2.03;1.42;-64;13;-73.69;0.52;0.72
00:07.0;;11;-54.64;2.11;1.45;-65;14;-73.37;0.49;0.7
00:07.1;;11;-54.64;2.17;1.47;-64;14;-73.1;0.49;0.7
00:07.2;;11;-54.64;2.33;1.53;-81;15;-73.36;0.48;0.69
00:07.3;-56;12;-54.75;2.46;1.57;;15;-73.36;0.48;0.69
00:07.4;-57;13;-54.92;2.56;1.6;;15;-73.36;0.47;0.69
00:07.4;-58;14;-55.14;2.63;1.62;;15;-73.36;0.47;0.68
00:07.6;;14;-55.14;2.69;1.64;-77;15;-73.44;0.46;0.68
00:07.6;;14;-55.14;2.75;1.66;-78;15;-73.54;0.46;0.68
00:07.7;;14;-55.14;2.8;1.67;-79;16;-73.7;0.45;0.67
00:07.8;;14;-55.14;2.84;1.69;-81;17;-73.9;0.44;0.66
00:07.9;;14;-55.14;2.88;1.7;-70;18;-73.78;0.43;0.66
00:08.0;;14;-55.14;2.92;1.71;-55;18;-73.42;0.43;0.65
00:08.1;;14;-55.14;2.95;1.72;-62;18;-73.23;0.43;0.65
00:08.2;-56;15;-55.2;2.97;1.72;;18;-73.23;0.43;0.65
00:08.3;-80;16;-56.75;2.77;1.66;;17;-73.21;0.42;0.65
00:08.4;;15;-57;2.66;1.63;-59;17;-72.98;0.42;0.65
00:08.5;;15;-57;2.54;1.59;-76;18;-72.83;0.43;0.66
00:08.6;;14;-57.21;2.44;1.56;-80;19;-72.89;0.45;0.67
00:08.7;;13;-56.85;2.3;1.52;-81;19;-73.1;0.46;0.68
00:08.8;-55;13;-56.62;2.14;1.46;;19;-73.02;0.47;0.69
00:08.9;;13;-56.62;2.03;1.43;-73;20;-72.78;0.49;0.7
00:09.0;;12;-56.92;1.89;1.37;-77;21;-72.81;0.52;0.72
00:09.1;;12;-56.92;1.81;1.35;-78;22;-72.96;0.53;0.73
00:09.2;-54;13;-56.69;1.69;1.3;;21;-73;0.54;0.73
00:09.3;;13;-56.69;1.6;1.27;-82;20;-72.98;0.55;0.74
00:09.4;;13;-56.69;1.52;1.23;-83;19;-73;0.56;0.75
00:09.5;;13;-56.69;1.36;1.17;-76;19;-73.1;0.58;0.76
00:09.6;-55;13;-57.15;1.32;1.15;;19;-73.1;0.59;0.77
00:09.8;-53;14;-56.86;1.26;1.12;;17;-73.15;0.6;0.78
00:09.9;;14;-56.86;1.24;1.11;-69;17;-73;0.6;0.78
00:10.0;;14;-56.86;1.17;1.08;-73;15;-72.77;0.63;0.79
00:10.1;-50;15;-56.4;1.13;1.06;;14;-72.31;0.66;0.81
00:10.2;;14;-56.57;1.1;1.05;-75;14;-72.29;0.7;0.84
00:10.3;-49;15;-56.07;1.05;1.02;;13;-72.02;0.77;0.87
00:10.4;;15;-56.07;1.01;1;-58;14;-71.61;0.84;0.92
00:10.5;;15;-56.07;0.97;0.98;-61;14;-70.86;0.98;0.99
00:10.6;;14;-56.14;0.94;0.97;-70;14;-70.75;1.12;1.06
00:10.8;;14;-56.14;0.87;0.93;-73;13;-70.1;1.33;1.15
00:10.9;;13;-56.15;0.84;0.92;-64;14;-70.08;1.51;1.23
00:11.0;;13;-56.15;0.8;0.89;-75;15;-70.4;1.63;1.28
00:11.1;;12;-56.25;0.76;0.87;-76;16;-70.68;1.68;1.29
00:11.2;-52;13;-55.92;0.74;0.86;;15;-70.36;1.71;1.31
00:11.3;;13;-55.92;0.71;0.84;-92;15;-70.72;1.65;1.28
00:11.4;;13;-55.92;0.68;0.83;-86;14;-71.07;1.56;1.25
00:11.5;;13;-55.92;0.68;0.83;-82;14;-71.16;1.47;1.21
00:11.7;-53;14;-55.71;0.7;0.83;;12;-71.68;1.33;1.15
00:11.8;;13;-56;0.66;0.81;-69;12;-71.52;1.27;1.13
00:11.9;;13;-56;0.6;0.77;-62;13;-71.82;1.21;1.1
00:12.0;;13;-56;0.56;0.75;-59;14;-71.84;1.2;1.1
00:12.1;;13;-56;0.51;0.72;-67;14;-71.95;1.2;1.09
00:12.3;;13;-56;0.47;0.68;-79;14;-71.9;1.18;1.09
00:12.4;-55;12;-55.83;0.41;0.64;;14;-71.9;1.17;1.08
00:12.5;;11;-55.64;0.39;0.62;-73;14;-71.8;1.15;1.07
00:12.6;;11;-55.64;0.37;0.61;-69;14;-71.51;1.13;1.06
00:12.7;;11;-55.64;0.34;0.58;-71;14;-71.22;1.09;1.04
00:12.9;;11;-55.64;0.32;0.56;-88;14;-71.39;1.04;1.02
00:13.0;;11;-55.64;0.3;0.55;-89;14;-71.84;0.97;0.99
00:13.1;;11;-55.64;0.26;0.51;-74;12;-72.29;0.92;0.96
00:13.2;;10;-55.6;0.24;0.49;-74;13;-72.59;0.9;0.95
00:13.3;;9;-52.89;0.49;0.7;-75;14;-72.88;0.88;0.94
00:13.5;;9;-52.89;0.72;0.85;-70;14;-73.33;0.9;0.95
00:13.6;;9;-52.89;0.92;0.96;-71;15;-73.39;0.93;0.96
00:13.7;;9;-52.89;1.11;1.06;-78;16;-73.63;0.96;0.98
00:13.8;;8;-52.62;1.34;1.16;-76;17;-73.83;1.02;1.01
00:14.0;;8;-52.62;1.56;1.25;-95;18;-74.69;1.17;1.08
00:14.1;-51;9;-52.44;1.77;1.33;;16;-74.76;1.33;1.16
00:14.2;;8;-52.25;1.99;1.41;-75;17;-74.66;1.47;1.21
00:14.4;;8;-52.25;2.2;1.48;-78;16;-74.74;1.61;1.27
00:14.5;;8;-52.25;2.39;1.55;-78;15;-74.64;1.76;1.33
00:14.6;-55;9;-52.56;2.5;1.58;;15;-74.64;1.86;1.36
00:14.7;;8;-52.25;2.6;1.61;-77;16;-74.61;1.97;1.4
00:14.7;-57;9;-52.78;2.66;1.63;;16;-74.61;2.05;1.43
00:15.9;;6;-53.83;2.61;1.62;-75;13;-76.13;2.61;1.62
00:15.9;;6;-53.83;2.56;1.6;-78;14;-76.35;2.81;1.68
00:16.0;;6;-53.83;2.5;1.58;-81;14;-76.6;3.14;1.77
00:16.0;-55;7;-54;2.42;1.56;;14;-76.56;3.33;1.82
00:16.1;;7;-54;2.36;1.54;-76;14;-76.63;3.59;1.89
00:16.1;;7;-54;2.27;1.51;-75;14;-76.6;3.73;1.93
00:16.2;;7;-54;2.21;1.49;-72;14;-76.56;3.91;1.98
00:16.3;-58;7;-54.86;2.15;1.47;;14;-76.56;3.91;1.98
00:16.3;;7;-54.86;2.1;1.45;-79;14;-76.71;4.06;2.02
00:16.4;;7;-54.86;2.04;1.43;-74;14;-76.07;3.98;1.99
00:16.4;;7;-54.86;1.98;1.41;-61;13;-75.44;3.85;1.96
00:16.5;-54;8;-54.75;1.94;1.39;;13;-75.44;3.81;1.95
00:16.6;;8;-54.75;1.87;1.37;-56;12;-74.84;3.63;1.91
00:16.6;;8;-54.75;1.83;1.35;-58;12;-74.5;3.55;1.88
00:16.7;-56;8;-55.12;1.8;1.34;;12;-74.5;3.41;1.85
00:16.7;;8;-55.12;1.77;1.33;-71;12;-74.48;3.33;1.83
00:16.8;;8;-55.12;1.75;1.32;-70;12;-74.45;3.26;1.8
00:16.9;;8;-55.12;1.69;1.3;-59;11;-74.57;3.1;1.76
00:16.9;-55;9;-55.11;1.64;1.28;;11;-74.76;2.97;1.72
00:17.0;;9;-55.11;1.62;1.27;-60;11;-74.53;2.9;1.7
00:17.1;;9;-55.11;1.56;1.25;-58;11;-74.5;2.76;1.66
00:17.1;;9;-55.11;1.51;1.23;-79;12;-74.62;2.63;1.62
00:17.2;-58;10;-55.4;1.51;1.23;;12;-74.62;2.57;1.6
00:17.3;;10;-55.4;1.47;1.21;-78;12;-74.59;2.43;1.56
00:17.3;-59;11;-55.73;1.48;1.22;;12;-74.59;2.38;1.54
00:17.4;;10;-55.8;1.48;1.22;-67;12;-74.5;2.23;1.49
00:17.4;-80;11;-58;1.74;1.32;;12;-74.5;2.18;1.48
00:17.5;;11;-58;1.99;1.41;-72;12;-74.46;2.02;1.42
00:17.6;;11;-58;2.21;1.49;-87;13;-74.8;1.98;1.41
00:17.6;-58;12;-58;2.44;1.56;;13;-74.84;1.78;1.33
00:17.7;-57;13;-57.92;2.63;1.62;;13;-74.84;1.74;1.32
00:17.8;;13;-57.92;2.83;1.68;-80;14;-74.88;1.5;1.22
00:17.9;;13;-57.92;3.03;1.74;-76;14;-74.46;1.27;1.13
00:18.0;-55;14;-57.71;3.15;1.77;;14;-74.46;1.24;1.11
00:18.1;;14;-57.71;3.31;1.82;-74;14;-73.92;1.08;1.04
00:18.1;;14;-57.71;3.46;1.86;-78;13;-74.18;0.96;0.98
00:18.2;;14;-57.71;3.55;1.88;-76;13;-74.28;0.95;0.97
00:18.3;-59;15;-57.8;3.71;1.93;;13;-74.22;0.85;0.92
00:18.4;-60;16;-57.94;3.79;1.95;;13;-74.15;0.78;0.88
00:18.4;;16;-57.94;3.88;1.97;-74;13;-74.21;0.78;0.88
00:18.5;;16;-57.94;3.93;1.98;-77;14;-74.23;0.74;0.86
00:18.6;-58;17;-57.94;3.96;1.99;;14;-74.24;0.7;0.84
00:18.7;;17;-57.94;4.02;2;-76;15;-74.2;0.7;0.83
00:18.8;;17;-57.94;4.02;2.01;-78;16;-74.06;0.68;0.82
00:18.9;;17;-57.94;3.98;2;-81;17;-74.04;0.67;0.82
00:18.9;-56;18;-57.83;4;2;;17;-74.04;0.67;0.82
00:19.0;;18;-57.83;3.92;1.98;-79;18;-73.41;0.71;0.84
00:19.1;-55;18;-58.06;3.82;1.95;;18;-73.41;0.75;0.87
00:19.2;-58;19;-58.05;3.84;1.96;;18;-73.41;0.78;0.88
00:19.3;-56;20;-57.95;3.68;1.92;;17;-73.49;0.81;0.9
00:19.4;;20;-57.95;3.49;1.87;-80;17;-73.3;0.85;0.92
00:19.5;;20;-57.95;3.49;1.87;-60;18;-73.06;0.88;0.94
00:19.6;;20;-57.95;3.28;1.81;-78;18;-73.06;0.93;0.97
00:19.6;-57;20;-58.05;3.1;1.76;;18;-73.06;0.98;0.99
00:19.7;-55;20;-57.95;2.65;1.63;;17;-73.08;1.05;1.02
00:19.8;;20;-57.95;2.65;1.63;-83;18;-73.22;1.07;1.03
00:19.9;;20;-57.95;2.64;1.62;-78;18;-73.47;1.07;1.03
00:20.0;-56;21;-57.86;2.63;1.62;;18;-73.47;1.07;1.04
00:20.1;-60;22;-57.95;2.61;1.62;;18;-73.47;1.08;1.04
00:20.2;-59;23;-58;2.61;1.61;;18;-73.47;1.08;1.04
00:20.3;;23;-58;2.6;1.61;-77;18;-73.68;1.07;1.04
00:20.3;;23;-58;2.59;1.61;-85;19;-73.86;1.06;1.03
00:20.4;;23;-58;2.58;1.6;-74;19;-73.97;1.05;1.02
00:20.5;;23;-58;2.56;1.6;-74;20;-73.86;1.04;1.02
00:20.6;;23;-58;2.55;1.6;-63;20;-73.72;1.03;1.02
00:20.7;-56;24;-57.92;2.54;1.59;;20;-73.72;1.03;1.01
00:20.8;-55;25;-57.8;2.52;1.59;;20;-73.72;1.02;1.01
00:20.9;;25;-57.8;2.41;1.55;-84;20;-73.94;0.98;0.99
00:21.0;;25;-57.8;2.18;1.48;-87;20;-73.88;0.87;0.93
00:21.1;-59;25;-57.96;2.07;1.44;;20;-73.88;0.8;0.89
00:21.2;;25;-57.96;1.84;1.36;-80;19;-73.54;0.65;0.81
00:21.3;;24;-57.96;1.65;1.28;-77;18;-73.38;0.49;0.7
00:21.4;;24;-57.96;1.58;1.26;-62;18;-72.91;0.41;0.64
00:21.5;-57;25;-57.92;1.43;1.2;;17;-73.21;0.33;0.58
00:21.6;;24;-58.08;1.34;1.16;-71;18;-73.31;0.31;0.56
00:21.6;-58;25;-58.08;1.14;1.07;;16;-73.96;0.3;0.55
00:21.7;-54;25;-58;1.06;1.03;;16;-73.96;0.29;0.54
00:21.8;-56;26;-57.92;0.89;0.94;;14;-73.82;0.29;0.54
00:21.9;-82;26;-58.96;0.73;0.85;;13;-74.18;0.28;0.53
00:22.0;-59;27;-58.96;0.64;0.8;;12;-74.56;0.28;0.53
00:22.1;;27;-58.96;0.55;0.74;-80;12;-75.48;0.31;0.56
00:22.2;;26;-59;0.35;0.59;-70;13;-75.42;0.34;0.58
00:22.3;-60;27;-59.04;0.26;0.51;;13;-75.46;0.37;0.61
00:22.4;-59;27;-59.04;0.11;0.34;;12;-75.65;0.42;0.65
00:22.5;;26;-58.23;0.12;0.34;-79;12;-75.83;0.48;0.69
00:22.6;;26;-58.23;0.12;0.34;-63;13;-75.28;0.5;0.7
00:22.7;-54;25;-58.12;0.12;0.35;;13;-75.28;0.51;0.71
00:22.8;-53;26;-57.92;0.12;0.35;;13;-75.26;0.52;0.72
00:23.0;;26;-57.92;0.12;0.35;-83;13;-75.47;0.56;0.75
00:23.1;-58;26;-58.04;0.12;0.34;;13;-75.47;0.59;0.77
00:23.2;-59;27;-58.07;0.11;0.34;;12;-75.37;0.64;0.8
00:23.3;;27;-58.07;0.11;0.33;-85;11;-75.26;0.66;0.81
00:23.4;-60;26;-58.04;0.11;0.34;;11;-75.26;0.7;0.84
00:23.5;-59;27;-58.07;0.11;0.33;;10;-75.07;0.72;0.85
00:23.6;;26;-58.08;0.11;0.34;-78;11;-75.56;0.77;0.88
00:23.7;-57;27;-58.04;0.11;0.34;;11;-75.71;0.82;0.9
00:23.9;;27;-58.04;0.11;0.34;-70;12;-75.78;0.87;0.93
00:24.0;;26;-58.12;0.11;0.34;-77;12;-75.65;0.92;0.96
00:24.1;-60;27;-58.19;0.11;0.33;;12;-75.71;0.95;0.98
00:24.2;-61;27;-58.41;0.11;0.34;;12;-75.71;0.98;0.99
00:24.3;-60;26;-58.58;0.12;0.34;;12;-75.71;1;1
00:24.4;-59;27;-58.59;0.12;0.35;;12;-75.75;1.01;1.01
00:24.6;;27;-58.59;0.12;0.35;-82;11;-76.26;1.04;1.02
00:24.7;;26;-58.65;0.13;0.36;-59;12;-75.88;1.01;1.01
00:25.1;;23;-58.87;0.14;0.38;-79;11;-75.37;0.92;0.96
00:25.2;;22;-58.86;0.15;0.39;-84;11;-75.48;0.9;0.95
00:25.3;;22;-58.86;0.16;0.4;-78;10;-75;0.87;0.93
00:25.5;;22;-58.86;0.17;0.41;-75;9;-74.37;0.86;0.93
00:25.6;-58;23;-58.83;0.17;0.42;;9;-74.6;0.84;0.92
00:25.7;-60;24;-58.88;0.18;0.42;;8;-74.94;0.81;0.9
00:25.8;;23;-59;0.18;0.43;-78;9;-75.44;0.79;0.89
00:25.9;;22;-59.18;0.19;0.44;-79;10;-75.75;0.76;0.87
00:26.0;;22;-59.18;0.2;0.44;-81;11;-75.91;0.75;0.87
00:26.2;;21;-59.19;0.2;0.45;-81;11;-75.96;0.74;0.86
00:26.3;;21;-59.19;0.21;0.46;-85;10;-76.65;0.68;0.83
00:26.4;;21;-59.19;0.21;0.46;-78;11;-77.04;0.63;0.79
00:26.5;;20;-59.3;0.22;0.47;-77;11;-76.91;0.59;0.77
00:26.6;;19;-59.37;0.23;0.48;-59;11;-76.37;0.46;0.68
00:27.9;-56;12;-58.92;0.22;0.47;;8;-76.76;0.38;0.62
00:28.0;;12;-58.92;0.22;0.47;-80;9;-77.12;0.44;0.66
00:28.1;;11;-59;0.2;0.45;-79;10;-77.2;0.51;0.72
00:28.2;-59;11;-59;0.19;0.44;;10;-77.2;0.57;0.75
00:28.3;-58;12;-58.92;0.18;0.42;;9;-76.9;0.59;0.77
00:28.4;;11;-58.82;0.16;0.4;-63;9;-76.37;0.58;0.76
00:28.5;-57;12;-58.67;0.16;0.39;;9;-76.37;0.57;0.76
00:28.6;;11;-58.64;0.14;0.37;-60;9;-75.79;0.55;0.74
00:28.7;;11;-58.64;0.13;0.35;-73;9;-75.59;0.55;0.74
00:28.9;;10;-58.8;0.09;0.3;-61;9;-75.21;0.58;0.76
00:29.0;;10;-58.8;0.09;0.29;-58;9;-74.69;0.61;0.78
00:29.1;;9;-58.67;0.06;0.24;-88;9;-75.3;0.64;0.8
00:29.2;;8;-58.38;0.06;0.24;-78;10;-75.19;0.66;0.81
00:29.4;-60;8;-58.38;0.06;0.25;;10;-75.19;0.67;0.82
00:29.5;;7;-58.29;0.07;0.27;-69;10;-75.15;0.69;0.83
00:29.6;;7;-58.29;0.08;0.28;-70;9;-75.03;0.71;0.84
00:29.7;;7;-58.29;0.09;0.3;-77;10;-75.28;0.72;0.85
00:29.8;;7;-58.29;0.1;0.31;-78;11;-75.22;0.7;0.84
00:30.0;-62;8;-58.75;0.09;0.3;;11;-75.22;0.69;0.83
00:30.1;-58;9;-58.67;0.09;0.3;;11;-75.22;0.68;0.82
00:30.2;-61;10;-58.9;0.09;0.3;;10;-75.24;0.68;0.83
00:30.2;;10;-58.9;0.09;0.3;-80;10;-75.04;0.7;0.83
00:30.3;-60;11;-59;0.09;0.3;;10;-75.04;0.69;0.83
00:30.4;;11;-59;0.09;0.3;-74;10;-74.83;0.7;0.84
00:30.4;-59;12;-59;0.09;0.3;;10;-74.83;0.7;0.84
00:30.5;;12;-59;0.09;0.3;-67;9;-74.9;0.67;0.82
00:30.5;;12;-59;0.09;0.3;-72;9;-74.94;0.67;0.82
00:30.6;-58;12;-59;0.09;0.3;;9;-74.94;0.65;0.8
00:30.7;;12;-59;0.09;0.29;-77;9;-75.12;0.64;0.8
00:30.7;;11;-58.91;0.09;0.29;-83;10;-75.32;0.63;0.79
00:30.8;;11;-58.91;0.08;0.29;-75;10;-75.42;0.61;0.78
00:30.8;;11;-58.91;0.08;0.29;-77;11;-75.12;0.62;0.79
00:30.9;-59;12;-58.92;0.08;0.29;;11;-75.12;0.61;0.78
00:31.0;;12;-58.92;0.08;0.28;-72;11;-74.92;0.62;0.79
00:31.0;;12;-58.92;0.08;0.28;-73;11;-74.98;0.62;0.79
00:31.1;;12;-58.92;0.07;0.27;-76;11;-74.84;0.63;0.8
00:31.2;;12;-58.92;0.07;0.27;-79;12;-74.84;0.63;0.79
00:31.2;-63;13;-59.23;0.07;0.27;;11;-74.75;0.64;0.8
00:31.3;;13;-59.23;0.07;0.27;-63;11;-74.14;0.66;0.81
00:31.4;-61;14;-59.36;0.08;0.28;;11;-74.14;0.69;0.83
00:31.4;;14;-59.36;0.08;0.29;-89;11;-74.64;0.64;0.8
00:31.5;-62;15;-59.53;0.09;0.3;;11;-74.64;0.64;0.8
00:31.5;-61;16;-59.62;0.1;0.31;;10;-74.79;0.59;0.77
00:31.6;;16;-59.62;0.11;0.33;-78;11;-74.68;0.59;0.77
00:31.7;-60;17;-59.65;0.12;0.34;;11;-74.98;0.56;0.75
00:31.8;-58;18;-59.56;0.12;0.35;;11;-74.98;0.55;0.74
00:31.8;;18;-59.56;0.13;0.36;-79;12;-74.94;0.54;0.74
00:31.9;-57;19;-59.42;0.13;0.36;;12;-74.94;0.53;0.73
00:32.0;;19;-59.42;0.13;0.36;-78;13;-74.86;0.53;0.73
00:32.0;;19;-59.42;0.13;0.37;-62;13;-74.64;0.52;0.72
00:32.1;;19;-59.42;0.14;0.37;-69;13;-74.63;0.52;0.72
00:32.2;-58;20;-59.35;0.14;0.37;;13;-74.63;0.52;0.72
00:32.3;-57;21;-59.24;0.13;0.37;;13;-74.63;0.51;0.72
00:32.4;;21;-59.24;0.13;0.36;-77;14;-74.53;0.51;0.72
00:32.4;;21;-59.24;0.13;0.36;-82;15;-74.61;0.51;0.71
00:32.5;-58;22;-59.18;0.13;0.36;;15;-74.61;0.51;0.71
00:32.6;-57;23;-59.09;0.13;0.36;;15;-74.61;0.5;0.71
00:32.7;;23;-59.09;0.13;0.35;-78;16;-74.56;0.5;0.71
00:32.8;;23;-59.09;0.12;0.35;-75;17;-74.41;0.5;0.71
00:32.8;;23;-59.09;0.12;0.35;-73;17;-74.5;0.5;0.71
00:32.9;-56;23;-59.09;0.12;0.35;;17;-74.5;0.46;0.68
00:33.0;;23;-59.09;0.12;0.35;-74;18;-74.08;0.41;0.64
00:33.1;;23;-59.09;0.12;0.35;-75;18;-73.69;0.36;0.6
00:33.2;;23;-59.09;0.12;0.35;-76;18;-73.62;0.38;0.62
00:33.3;-58;23;-59.04;0.12;0.35;;18;-73.62;0.33;0.57
00:33.4;;22;-59.09;0.12;0.35;-85;18;-73.78;0.28;0.53
00:33.4;;22;-59.09;0.12;0.35;-91;17;-74.2;0.25;0.5
00:33.5;;21;-59.19;0.12;0.34;-88;17;-74.39;0.21;0.46
00:33.6;;21;-59.19;0.12;0.34;-87;18;-74.9;0.2;0.45
00:33.7;-56;22;-59.05;0.11;0.34;;17;-75.18;0.19;0.44
00:33.8;-59;23;-59.04;0.11;0.33;;16;-75.1;0.18;0.43
00:33.9;;23;-59.04;0.11;0.33;-88;16;-75.95;0.2;0.45
00:33.9;;23;-59.04;0.11;0.33;-78;16;-75.91;0.22;0.47
00:34.0;;23;-59.04;0.11;0.33;-77;15;-76.32;0.25;0.5
00:34.1;-61;24;-59.12;0.1;0.32;;15;-76.15;0.28;0.53
00:34.2;-59;25;-59.12;0.1;0.32;;15;-76.15;0.3;0.55
00:34.3;-60;26;-59.15;0.1;0.31;;15;-76.18;0.33;0.57
00:34.4;;25;-59.12;0.09;0.3;-78;15;-76.15;0.35;0.59
00:34.5;;25;-59.12;0.09;0.29;-79;15;-76.14;0.37;0.61
00:34.5;;25;-59.12;0.08;0.28;-61;15;-75.87;0.38;0.62
00:34.6;-58;26;-59.08;0.07;0.26;;14;-75.95;0.4;0.63
00:34.7;-59;27;-59.07;0.07;0.26;;14;-75.95;0.41;0.64
00:34.8;;27;-59.07;0.05;0.23;-75;14;-75.91;0.42;0.65
00:34.9;;27;-59.07;0.04;0.21;-79;14;-75.93;0.43;0.66
00:35.0;;26;-58.96;0.04;0.21;-58;15;-75.44;0.43;0.66
00:35.1;-60;27;-59;0.04;0.2;;15;-75.44;0.43;0.66
00:35.1;-61;27;-59.11;0.04;0.2;;15;-75.44;0.43;0.66
00:35.2;-59;27;-59.04;0.04;0.19;;15;-75.44;0.44;0.66
00:35.3;-58;27;-58.96;0.04;0.19;;15;-75.43;0.45;0.67
00:35.4;-59;27;-58.96;0.04;0.2;;15;-75.55;0.46;0.68
00:35.5;-60;28;-59;0.04;0.2;;14;-75.72;0.46;0.68
00:35.6;;27;-59.04;0.04;0.2;-85;13;-75.82;0.48;0.69
00:35.7;;27;-59.04;0.04;0.2;-92;12;-75.85;0.49;0.7
00:35.8;;27;-59.04;0.04;0.19;-88;12;-76.34;0.52;0.72
00:35.9;;27;-59.04;0.04;0.19;-87;13;-76.96;0.58;0.76
00:36.0;;26;-59.04;0.04;0.19;-80;13;-77.26;0.66;0.82
00:36.1;-59;27;-59.04;0.03;0.19;;12;-77.32;0.74;0.86
00:36.2;-60;28;-59.07;0.03;0.18;;11;-77.27;0.82;0.91
00:36.3;-61;28;-59;0.03;0.18;;11;-77.27;0.89;0.94
00:36.3;;28;-59;0.03;0.18;-87;10;-77.97;0.99;0.99
00:36.5;;27;-58.93;0.03;0.18;-82;10;-77.82;1.07;1.04
00:36.6;;25;-58.72;0.03;0.18;-78;10;-77.78;1.17;1.08
00:36.7;-57;26;-58.65;0.03;0.18;;10;-77.82;1.26;1.12
00:36.8;;24;-58.62;0.03;0.16;-76;10;-77.74;1.35;1.16
00:36.9;;24;-58.62;0.03;0.16;-77;10;-77.69;1.42;1.19
00:37.0;;23;-58.7;0.02;0.16;-64;11;-77.22;1.47;1.21
00:37.1;;23;-58.7;0.02;0.16;-72;11;-77.68;1.53;1.24
00:37.2;;22;-58.73;0.02;0.15;-78;10;-77.94;1.59;1.26
00:37.3;-60;22;-58.86;0.02;0.15;;10;-77.94;1.65;1.28
00:37.4;;22;-58.86;0.02;0.15;-73;10;-77.86;1.69;1.3
00:37.5;;21;-58.9;0.02;0.14;-72;10;-77.65;1.71;1.31
00:37.7;;20;-59;0.02;0.14;-77;10;-77.6;1.72;1.31
00:37.8;-62;21;-59.14;0.02;0.14;;10;-77.72;1.7;1.3
00:37.9;;21;-59.14;0.02;0.15;-81;9;-77.91;1.71;1.31
00:38.0;;20;-59.3;0.02;0.15;-71;10;-77.66;1.69;1.3
00:38.1;;20;-59.3;0.02;0.16;-77;10;-77.82;1.54;1.24
00:38.2;-64;21;-59.52;0.03;0.17;;10;-77.91;1.43;1.2
00:38.3;;20;-59.6;0.04;0.19;-87;10;-78.06;1.32;1.15
00:39.5;-61;16;-59.88;0.06;0.25;;8;-76.18;0.97;0.98
00:39.6;-56;16;-59.75;0.08;0.28;;7;-77.02;0.94;0.97
00:39.7;;15;-59.8;0.09;0.31;-76;8;-77.12;0.91;0.95
00:39.8;;15;-59.8;0.11;0.33;-73;8;-77.06;0.88;0.94
00:39.9;;15;-59.8;0.12;0.35;-77;8;-77;0.85;0.92
00:40.0;-60;16;-59.81;0.13;0.37;;7;-78.18;0.81;0.9
00:40.1;;14;-59.71;0.15;0.38;-87;7;-78.4;0.71;0.84
00:40.3;;13;-59.77;0.16;0.4;-79;7;-78.38;0.65;0.81
00:40.4;-62;13;-60.08;0.18;0.42;;7;-78.38;0.58;0.76
00:40.4;;12;-60.17;0.2;0.45;-88;7;-78.59;0.52;0.72
00:40.6;;11;-60.18;0.22;0.47;-76;7;-78.48;0.46;0.68
00:40.7;;11;-60.18;0.25;0.5;-79;7;-78.33;0.39;0.62
00:40.8;;11;-60.18;0.27;0.52;-75;7;-77.9;0.3;0.55
00:40.9;-58;12;-60;0.28;0.53;;6;-76.97;0.27;0.52
00:41.0;-57;13;-59.77;0.28;0.53;;5;-75.78;0.35;0.59
00:41.1;-58;14;-59.64;0.28;0.53;;4;-74.85;0.56;0.75
00:41.2;-59;13;-59.62;0.28;0.53;;4;-74.85;0.77;0.88
00:41.3;-60;13;-59.54;0.28;0.53;;4;-74.85;0.96;0.98
00:41.4;;13;-59.54;0.27;0.52;-68;5;-74.37;1.21;1.1
00:41.5;;13;-59.54;0.27;0.52;-67;6;-74;1.51;1.23
00:41.6;;13;-59.54;0.25;0.5;-74;6;-73.89;1.81;1.34
00:41.7;-58;13;-59.62;0.23;0.48;;6;-73.89;2.08;1.44
00:41.9;-57;14;-59.43;0.21;0.46;;6;-73.96;2.32;1.52
00:42.0;-59;15;-59.4;0.19;0.44;;6;-73.99;2.54;1.59
00:42.1;;15;-59.4;0.17;0.41;-75;5;-74.46;2.69;1.64
00:42.2;-61;16;-59.5;0.15;0.39;;4;-74.31;2.83;1.68
00:42.3;;16;-59.5;0.13;0.36;-78;5;-75.06;2.85;1.69
00:42.4;;15;-59.47;0.1;0.32;-72;6;-75.24;2.88;1.7
00:42.5;;15;-59.47;0.1;0.32;-71;7;-75.16;2.84;1.69
00:42.7;;15;-59.47;0.08;0.28;-85;7;-75.68;2.86;1.69
00:42.8;-58;15;-59.2;0.08;0.28;;7;-75.68;2.82;1.68
00:42.9;;15;-59.2;0.08;0.27;-77;7;-75.54;2.76;1.66
00:43.0;-57;16;-59.06;0.08;0.29;;6;-75.6;2.71;1.65
00:43.1;;16;-59.06;0.09;0.3;-72;7;-75.69;2.64;1.62
00:43.3;;15;-58.73;0.11;0.33;-71;8;-75.63;2.55;1.6
00:43.4;;15;-58.73;0.13;0.37;-68;9;-75.1;2.45;1.57
00:43.5;;15;-58.73;0.15;0.39;-74;9;-74.91;2.42;1.55
00:43.6;;15;-58.73;0.16;0.41;-76;9;-74.82;2.39;1.54
00:43.7;;15;-58.73;0.18;0.42;-75;9;-74.72;2.36;1.54
00:43.9;;15;-58.73;0.19;0.44;-78;9;-74.72;2.34;1.53
00:44.0;;15;-58.73;0.2;0.45;-57;10;-74;2.36;1.54
00:44.1;;15;-58.73;0.21;0.46;-54;11;-73.28;2.46;1.57
00:44.3;;15;-58.73;0.22;0.47;-62;12;-73;2.58;1.61
00:44.3;;15;-58.73;0.22;0.47;-72;13;-73.16;2.66;1.63
00:44.4;;15;-58.73;0.23;0.48;-84;13;-73.33;2.72;1.65
00:44.4;;15;-58.73;0.23;0.48;-78;14;-73.68;2.74;1.66
00:44.5;;15;-58.73;0.24;0.49;-74;14;-73.56;2.77;1.66
00:44.6;;14;-58.57;0.25;0.5;-81;14;-73.63;2.83;1.68
00:44.6;;14;-58.57;0.26;0.51;-75;15;-73.83;2.82;1.68
00:44.7;-62;14;-59;0.26;0.51;;15;-73.83;2.82;1.68
00:44.7;;14;-59;0.25;0.5;-85;15;-74.13;2.78;1.67
00:44.8;;14;-59;0.25;0.5;-78;15;-74.12;2.75;1.66
00:44.9;;14;-59;0.25;0.5;-77;15;-74.22;2.7;1.64
00:44.9;;14;-59;0.24;0.49;-64;16;-74.04;2.67;1.64
00:45.0;-60;15;-59.07;0.24;0.49;;16;-74.08;2.63;1.62
00:45.1;;14;-59;0.23;0.48;-79;16;-74.09;2.45;1.57
00:45.1;-61;15;-59.13;0.23;0.48;;16;-74.09;2.42;1.56
00:45.2;;15;-59.13;0.23;0.48;-69;17;-73.85;2.21;1.49
00:45.2;;15;-59.13;0.22;0.47;-75;18;-74;2.19;1.48
00:45.3;-57;16;-59;0.22;0.47;;18;-73.97;1.96;1.4
00:45.4;;15;-58.8;0.21;0.45;-85;18;-74.16;1.72;1.31
00:45.4;-56;16;-58.62;0.21;0.46;;18;-74.16;1.69;1.3
00:45.5;;16;-58.62;0.2;0.44;-81;18;-73.97;1.41;1.19
00:45.6;;16;-58.62;0.18;0.42;-74;18;-73.92;1.13;1.06
00:45.6;;16;-58.62;0.18;0.43;-64;19;-73.76;1.12;1.06
00:45.7;-59;17;-58.65;0.16;0.41;;18;-73.74;0.86;0.93
00:45.8;;17;-58.65;0.14;0.38;-80;18;-73.88;0.63;0.8
00:45.9;;16;-58.69;0.13;0.36;-65;18;-73.76;0.51;0.72
00:46.0;;15;-58.8;0.12;0.35;-77;18;-73.94;0.48;0.69
00:46.1;-60;16;-58.88;0.12;0.35;;18;-73.94;0.47;0.68
00:46.1;-57;16;-58.81;0.11;0.34;;18;-73.94;0.47;0.68
00:46.2;;15;-58.8;0.11;0.33;-79;19;-73.96;0.46;0.68
00:46.3;;14;-58.71;0.1;0.32;-82;20;-74.06;0.45;0.67
00:46.4;-55;15;-58.47;0.11;0.32;;20;-74.06;0.45;0.67
00:46.5;-56;16;-58.31;0.11;0.33;;20;-74.1;0.45;0.67
00:46.5;;16;-58.31;0.11;0.33;-83;19;-74.28;0.45;0.67
00:46.6;;16;-58.31;0.11;0.33;-67;20;-74.21;0.44;0.66
00:46.7;-60;17;-58.41;0.11;0.33;;20;-74.32;0.44;0.66
00:46.8;;16;-58.44;0.1;0.32;-90;20;-74.59;0.44;0.66
00:46.9;;16;-58.44;0.1;0.32;-86;20;-74.74;0.43;0.66
00:47.0;;15;-58.53;0.1;0.32;-63;21;-74.58;0.43;0.66
00:47.0;;14;-58.5;0.1;0.31;-84;21;-74.68;0.43;0.66
00:47.1;-61;15;-58.67;0.09;0.3;;21;-74.78;0.44;0.66
00:47.2;-60;16;-58.75;0.09;0.3;;21;-74.78;0.43;0.66
00:47.3;;15;-58.6;0.08;0.29;-87;21;-74.94;0.44;0.66
00:47.4;;15;-58.6;0.07;0.27;-79;20;-74.69;0.43;0.66
00:47.4;;15;-58.6;0.07;0.26;-82;20;-74.94;0.42;0.65
00:47.5;;15;-58.6;0.07;0.26;-83;20;-75;0.43;0.65
00:47.6;;15;-58.6;0.06;0.24;-75;19;-74.85;0.42;0.65
00:47.7;;15;-58.6;0.05;0.22;-77;19;-74.69;0.39;0.62
00:47.8;;15;-58.6;0.05;0.22;-78;19;-74.66;0.38;0.62
00:47.9;;14;-58.64;0.05;0.22;-69;20;-74.65;0.35;0.6
00:48.0;;14;-58.64;0.04;0.21;-68;21;-74.67;0.33;0.57
00:48.0;;13;-58.77;0.04;0.2;-67;22;-74.61;0.3;0.55
00:48.1;-61;14;-58.93;0.04;0.2;;22;-74.61;0.3;0.55
00:48.2;;14;-58.93;0.04;0.2;-77;21;-74.5;0.27;0.52
00:48.3;;14;-58.93;0.04;0.2;-76;20;-74.38;0.24;0.48
00:48.4;;14;-58.93;0.04;0.2;-61;20;-74.2;0.22;0.47
00:48.5;-60;15;-59;0.04;0.2;;20;-74.2;0.22;0.47
00:48.6;-57;16;-58.88;0.04;0.21;;20;-74.32;0.21;0.46
00:48.6;;16;-58.88;0.04;0.21;-80;20;-74.38;0.2;0.45
00:48.7;;16;-58.88;0.04;0.21;-75;20;-74.3;0.2;0.45
00:48.8;;16;-58.88;0.04;0.21;-80;21;-74.66;0.2;0.45
00:48.9;-60;17;-58.94;0.04;0.21;;21;-74.69;0.2;0.45
00:49.0;-61;18;-59.06;0.04;0.21;;20;-75;0.21;0.46
00:49.1;-60;19;-59.11;0.05;0.21;;20;-75;0.22;0.47
00:49.2;-56;20;-58.95;0.05;0.22;;19;-75.42;0.22;0.47
00:49.3;;20;-58.95;0.05;0.22;-78;18;-75.62;0.23;0.48
00:49.4;;20;-58.95;0.05;0.22;-79;17;-75.58;0.23;0.48
00:49.5;;20;-58.95;0.05;0.22;-88;16;-75.44;0.23;0.48
00:49.6;;20;-58.95;0.05;0.22;-88;17;-76.06;0.26;0.51
00:49.6;;20;-58.95;0.05;0.22;-76;17;-76.07;0.3;0.54
00:49.7;;19;-58.79;0.05;0.22;-74;18;-76.13;0.33;0.58
00:49.8;-60;20;-58.85;0.05;0.22;;17;-75.8;0.36;0.6
00:49.9;;20;-58.85;0.05;0.22;-77;18;-76.03;0.4;0.63
00:50.0;-59;20;-58.8;0.05;0.21;;17;-76.25;0.44;0.66
00:50.1;-57;20;-58.6;0.04;0.21;;17;-76.29;0.48;0.7
00:50.2;-58;21;-58.57;0.04;0.2;;16;-76.38;0.52;0.72
00:51.8;-57;14;-59.07;0.03;0.18;;11;-76.66;0.48;0.69
00:51.9;-76;15;-60.2;0.08;0.28;;11;-76.44;0.52;0.72
00:52.0;-56;16;-59.94;0.11;0.32;;10;-76.96;0.6;0.77
00:52.0;;16;-59.94;0.13;0.36;-79;11;-77.01;0.67;0.82
00:52.1;;15;-59.87;0.15;0.39;-77;12;-77.1;0.75;0.87
00:52.2;;14;-59.86;0.17;0.41;-78;12;-77.06;0.82;0.91
00:52.3;;14;-59.86;0.19;0.43;-77;12;-76.7;0.86;0.93
00:52.4;-59;15;-59.8;0.2;0.45;;12;-76.68;0.89;0.94
00:52.5;;15;-59.8;0.21;0.46;-68;12;-76.1;0.89;0.94
00:52.6;;15;-59.8;0.22;0.47;-75;12;-75.8;0.89;0.94
00:52.7;;15;-59.8;0.22;0.47;-67;12;-75.66;0.88;0.94
00:52.8;;15;-59.8;0.23;0.48;-70;11;-75.6;0.86;0.93
00:52.9;;15;-59.8;0.23;0.48;-63;10;-75.28;0.84;0.92
00:53.0;;15;-59.8;0.23;0.48;-86;11;-75.92;0.82;0.91
00:53.1;;15;-59.8;0.23;0.48;-68;11;-75.96;0.8;0.89
00:53.2;;14;-59.71;0.23;0.48;-87;12;-76.3;0.78;0.88
00:53.2;-57;15;-59.53;0.23;0.48;;11;-76.41;0.75;0.87
00:53.3;-56;16;-59.31;0.23;0.48;;10;-76.61;0.72;0.85
00:53.4;-55;17;-59.06;0.23;0.48;;10;-77.11;0.69;0.83
00:53.5;-56;17;-58.82;0.23;0.48;;10;-77.11;0.65;0.81
00:53.6;;16;-58.94;0.23;0.48;-82;10;-77.42;0.64;0.8
00:53.7;;16;-58.94;0.23;0.48;-78;9;-77.56;0.62;0.79
00:53.8;;16;-58.94;0.23;0.48;-78;9;-77.53;0.53;0.73
00:53.9;;15;-58.87;0.23;0.48;-87;10;-77.84;0.53;0.73
00:54.0;;14;-58.71;0.24;0.49;-81;11;-77.82;0.54;0.73
00:54.1;;13;-58.62;0.25;0.5;-71;11;-77.7;0.53;0.73
00:54.2;;12;-58.83;0.25;0.5;-78;11;-77.84;0.55;0.74
00:54.3;;12;-58.83;0.25;0.5;-77;11;-77.79;0.56;0.75
00:54.4;-58;13;-58.77;0.26;0.51;;10;-77.9;0.58;0.76
00:54.5;-57;14;-58.64;0.27;0.52;;9;-77.54;0.56;0.75
00:54.6;-59;15;-58.67;0.27;0.52;;9;-77.05;0.55;0.74
00:54.7;;15;-58.67;0.28;0.53;-67;9;-76.73;0.54;0.74
00:54.8;;14;-58.57;0.29;0.54;-63;9;-76.34;0.52;0.72
00:54.9;;14;-58.57;0.3;0.55;-61;9;-75.76;0.54;0.73
00:55.0;-80;14;-60.07;0.31;0.56;;9;-75.76;0.56;0.75
00:55.2;-84;14;-62;0.49;0.7;;9;-75.76;0.58;0.76
00:55.3;-69;14;-62.79;0.79;0.89;;9;-75.76;0.6;0.78
00:55.4;;14;-62.79;1.05;1.03;-73;9;-75.84;0.61;0.78
00:55.5;;14;-62.79;1.29;1.14;-87;10;-76.15;0.6;0.77
00:55.6;;14;-62.79;1.5;1.23;-88;10;-76.68;0.58;0.76
00:55.7;;14;-62.79;1.69;1.3;-79;10;-76.88;0.57;0.75
00:55.8;;14;-62.79;1.86;1.36;-79;11;-76.78;0.55;0.74
00:55.9;;14;-62.79;2.02;1.42;-71;11;-76.74;0.54;0.74
00:56.0;;14;-62.79;2.15;1.47;-73;11;-76.76;0.53;0.73
00:56.1;;14;-62.79;2.28;1.51;-74;11;-76.8;0.52;0.72
00:56.3;;14;-62.79;2.38;1.54;-78;11;-76.93;0.51;0.71
00:56.4;-62;15;-62.73;2.48;1.57;;11;-76.93;0.5;0.71
00:56.5;-63;16;-62.75;2.56;1.6;;11;-76.93;0.49;0.7
00:56.6;-61;17;-62.65;2.63;1.62;;11;-76.93;0.48;0.69
00:56.7;;17;-62.65;2.68;1.64;-75;12;-76.67;0.47;0.68
00:56.8;;16;-63;2.79;1.67;-76;13;-76.5;0.47;0.69
00:57.0;;14;-62.57;2.93;1.71;-59;13;-76.18;0.48;0.69
00:57.1;-69;15;-63;3.06;1.75;;13;-76.02;0.49;0.7
00:57.2;;15;-63;3.17;1.78;-61;13;-75.64;0.51;0.71
00:57.3;-63;16;-63;3.27;1.81;;12;-75.74;0.52;0.72
00:57.4;-62;16;-63.19;3.44;1.86;;11;-75.89;0.54;0.74
00:57.5;-61;17;-63.06;3.53;1.88;;11;-75.96;0.55;0.74
00:57.7;;17;-63.06;3.61;1.9;-73;10;-76.3;0.53;0.73
00:57.8;;17;-63.06;3.73;1.93;-75;11;-76.16;0.51;0.71
00:57.9;-63;18;-63.06;3.79;1.95;;11;-76.4;0.47;0.68
00:58.0;;18;-63.06;3.84;1.96;-78;10;-76.28;0.46;0.68
00:58.1;;18;-63.06;3.88;1.97;-78;11;-76.31;0.45;0.67
00:58.3;;17;-63.41;3.95;1.99;-79;11;-75.94;0.47;0.68
00:58.4;-59;17;-63.59;3.97;1.99;;11;-75.94;0.48;0.69
00:58.5;-60;17;-63.88;3.97;1.99;;11;-75.94;0.49;0.7
00:58.7;-82;17;-65.41;4.06;2.01;;11;-75.66;0.5;0.71
00:58.7;;17;-65.41;4.17;2.04;-78;12;-75.43;0.5;0.71
00:58.8;-62;18;-65.22;4.33;2.08;;12;-75.43;0.52;0.72
00:58.8;;18;-65.22;4.35;2.09;-53;11;-74.93;0.55;0.74
00:58.9;-63;19;-65.11;4.31;2.08;;10;-74.54;0.58;0.76
00:59.0;;19;-65.11;4.4;2.1;-77;11;-74.47;0.65;0.81
00:59.0;-69;20;-65.3;4.31;2.08;;10;-74.34;0.69;0.83
00:59.1;;20;-65.3;4.39;2.1;-61;10;-74.08;0.77;0.88
00:59.2;;20;-65.3;4.23;2.06;-79;11;-74.09;0.82;0.9
00:59.2;-61;21;-65.1;4.27;2.07;;11;-74.09;0.89;0.94
00:59.3;;21;-65.1;4.07;2.02;-58;11;-73.5;0.96;0.98
00:59.3;;21;-65.1;3.85;1.96;-83;11;-73.78;0.99;1
00:59.4;;21;-65.1;3.86;1.97;-64;11;-73.65;1.08;1.04
00:59.5;;20;-65.45;3.62;1.9;-82;12;-73.78;1.08;1.04
00:59.5;;20;-65.45;3.65;1.91;-70;12;-73.82;1.14;1.07
00:59.6;;19;-65.89;3.38;1.84;-84;13;-74;1.13;1.06
00:59.6;-69;19;-66.42;3.14;1.77;;13;-74;1.15;1.07
00:59.7;;19;-66.42;3.25;1.8;-78;13;-74.24;1.17;1.08
00:59.8;;19;-66.42;2.94;1.71;-86;14;-74.54;1.16;1.08
00:59.9;-72;20;-66.7;2.6;1.61;;14;-74.71;1.16;1.08
00:59.9;-62;21;-66.48;2.18;1.48;;14;-74.96;1.17;1.08
01:00.0;;21;-66.48;2.26;1.5;-77;14;-75.15;1.15;1.07
01:00.1;;20;-65.8;2.02;1.42;-72;15;-74.88;1.16;1.08
01:00.2;-70;20;-65.1;1.95;1.4;;15;-74.88;1.16;1.08
01:00.2;;20;-65.1;1.93;1.39;-84;15;-75.24;1.14;1.07
01:00.3;;19;-64.89;1.9;1.38;-77;15;-75.39;1.14;1.07
01:00.4;;19;-64.89;1.87;1.37;-76;16;-75.24;1.14;1.07
01:00.5;-66;20;-64.95;1.85;1.36;;16;-75.24;1.12;1.06
01:00.6;;20;-64.95;1.81;1.35;-74;16;-74.84;1.12;1.06
01:00.6;;20;-64.95;1.78;1.33;-80;16;-74.63;1.1;1.05
01:00.7;;20;-64.95;1.74;1.32;-75;17;-74.31;1.08;1.04
01:00.8;-61;21;-64.76;1.71;1.31;;17;-74.31;1.08;1.04
01:00.9;;21;-64.76;1.67;1.29;-76;17;-74.22;1.06;1.03
01:01.0;;21;-64.76;1.62;1.27;-79;17;-74.44;1.03;1.02
01:01.1;;21;-64.76;1.57;1.25;-73;17;-74.24;1.01;1
01:01.1;-59;22;-64.5;1.51;1.23;;16;-74.15;0.98;0.99
01:01.2;;22;-64.5;1.49;1.22;-77;16;-74.12;0.98;0.99
01:01.3;;22;-64.5;1.43;1.2;-75;16;-74.04;0.94;0.97
01:01.4;;21;-64.62;1.37;1.17;-77;17;-74.22;0.89;0.95
01:01.5;;20;-64.7;1.31;1.15;-82;18;-74.54;0.83;0.91
01:01.6;;20;-64.7;1.29;1.14;-63;19;-74.32;0.83;0.91
01:01.7;;19;-64.89;1.22;1.1;-79;19;-74.35;0.77;0.87
01:01.8;;19;-64.89;1.15;1.07;-75;19;-74.35;0.72;0.85
01:01.9;;19;-64.89;1.1;1.05;-68;19;-74.32;0.68;0.82
01:02.0;;19;-64.89;1.08;1.04;-67;19;-74.23;0.67;0.82
01:02.0;;19;-64.89;1;1;-60;19;-74.25;0.65;0.8
01:02.1;;18;-64.67;0.94;0.97;-73;20;-74.13;0.63;0.79
01:02.2;;18;-64.67;0.89;0.94;-86;20;-74.58;0.62;0.79
01:02.3;;18;-64.67;0.87;0.93;-90;20;-74.85;0.61;0.78
01:02.4;-62;18;-64.61;0.82;0.9;;20;-74.85;0.59;0.77
01:02.5;;17;-64.76;0.77;0.88;-73;21;-74.9;0.57;0.75
01:02.5;;16;-65;0.71;0.84;-67;22;-74.8;0.54;0.74
01:02.6;;16;-65;0.7;0.84;-71;22;-74.63;0.54;0.73
01:03.8;;11;-64.91;0.33;0.57;-85;20;-74.65;0.19;0.44
01:03.9;;11;-64.91;0.33;0.57;-79;19;-75.12;0.2;0.44
01:03.9;;10;-65.1;0.33;0.57;-58;20;-74.78;0.2;0.45
01:04.0;;9;-64.67;0.34;0.58;-55;20;-74.44;0.2;0.45
01:04.1;-58;10;-64;0.36;0.6;;20;-74.68;0.2;0.45
01:04.2;-60;11;-63.64;0.41;0.64;;19;-74.67;0.2;0.45
01:04.3;;10;-63.9;0.43;0.66;-60;19;-74.42;0.19;0.44
01:04.4;;10;-63.9;0.47;0.68;-61;18;-74.37;0.17;0.41
01:04.4;;10;-63.9;0.49;0.7;-74;18;-74.6;0.15;0.39
01:04.5;;10;-63.9;0.52;0.72;-72;18;-74.34;0.13;0.36
01:04.6;;10;-63.9;0.52;0.72;-73;18;-74.04;0.13;0.36
01:04.7;;9;-63.33;0.52;0.72;-78;19;-74.06;0.13;0.36
01:04.8;;9;-63.33;0.47;0.68;-79;18;-73.84;0.14;0.38
01:04.9;;8;-62.25;0.51;0.71;-75;18;-73.94;0.15;0.39
01:05.0;;7;-62.29;0.55;0.74;-74;18;-74.02;0.15;0.39
01:05.1;-61;8;-62.12;0.59;0.77;;18;-73.88;0.15;0.39
01:05.2;;8;-62.12;0.66;0.82;-84;18;-74.21;0.15;0.39
01:05.2;;7;-61;0.9;0.95;-77;19;-74.19;0.15;0.38
01:05.3;-68;8;-61.88;1.02;1.01;;19;-73.68;0.13;0.36
01:05.4;;8;-61.88;1.13;1.06;-55;18;-73.35;0.14;0.37
01:05.5;;7;-61.29;1.29;1.13;-83;19;-73.5;0.14;0.37
01:05.6;;7;-61.29;1.44;1.2;-77;19;-73.57;0.14;0.38
01:05.7;;7;-61.29;1.57;1.25;-84;19;-73.44;0.16;0.4
01:05.8;;7;-61.29;1.69;1.3;-74;19;-73.41;0.17;0.42
01:05.9;-57;7;-60.71;1.89;1.37;;19;-73.41;0.19;0.43
01:06.0;;7;-60.71;2.06;1.44;-76;19;-73.41;0.2;0.45
01:06.0;-56;8;-60.12;2.3;1.52;;18;-73.12;0.23;0.48
01:06.1;;8;-60.12;2.52;1.59;-56;19;-72.95;0.26;0.51
01:06.2;;7;-60.29;2.71;1.65;-89;19;-73.21;0.28;0.53
01:06.3;;7;-60.29;2.89;1.7;-82;19;-73.33;0.3;0.54
01:06.4;;7;-60.29;3.04;1.74;-86;18;-73.28;0.31;0.56
01:06.5;;7;-60.29;3.17;1.78;-78;17;-72.94;0.34;0.58
01:06.6;-63;8;-60.62;3.24;1.8;;16;-72.45;0.39;0.63
01:06.7;;8;-60.62;3.3;1.82;-73;16;-72.76;0.43;0.65
01:06.8;;8;-60.62;3.32;1.82;-79;17;-73.16;0.44;0.66
01:06.9;;8;-60.62;3.32;1.82;-83;17;-73.35;0.45;0.67
01:07.0;-58;9;-60.33;3.29;1.81;;15;-73.3;0.46;0.68
01:07.0;;9;-60.33;3.27;1.81;-79;14;-73.51;0.46;0.68
01:07.1;-62;10;-60.5;3.24;1.8;;14;-73.68;0.46;0.68
01:07.2;;10;-60.5;3.2;1.79;-83;14;-73.6;0.45;0.67
01:07.3;-61;11;-60.55;3.13;1.77;;14;-73.36;0.44;0.66
01:07.4;-60;11;-60.36;3.07;1.75;;14;-73.36;0.42;0.65
01:07.5;;11;-60.36;2.82;1.68;-82;12;-73.17;0.38;0.62
01:07.7;-58;12;-60.17;2.66;1.63;;12;-73.39;0.37;0.61
01:07.8;-57;13;-59.92;2.68;1.64;;12;-73.39;0.36;0.6
01:07.9;-58;14;-59.79;2.71;1.65;;12;-73.39;0.36;0.6
01:08.0;-63;15;-60;2.72;1.65;;12;-73.39;0.35;0.59
01:08.1;-62;16;-60.12;2.71;1.65;;12;-73.39;0.35;0.59
01:08.2;;16;-60.12;2.7;1.64;-76;12;-73.29;0.34;0.59
01:08.3;-60;17;-60.12;2.69;1.64;;12;-73.29;0.34;0.58
01:08.4;-61;18;-60.17;2.68;1.64;;12;-73.29;0.33;0.58
01:08.5;-60;19;-60.16;2.67;1.63;;12;-73.29;0.33;0.58
01:08.6;-58;20;-60.05;2.66;1.63;;12;-73.29;0.33;0.57
01:08.7;;20;-60.05;2.65;1.63;-75;12;-73.18;0.33;0.57
01:08.8;-59;21;-60;2.46;1.57;;12;-73.05;0.31;0.56
01:08.9;-63;22;-60.14;2.02;1.42;;11;-73.46;0.25;0.5
01:09.1;;22;-60.14;1.81;1.35;-78;10;-74.04;0.24;0.49
01:09.2;-62;22;-60.32;1.66;1.29;;10;-74.04;0.22;0.47
01:09.3;;21;-60.33;1.41;1.19;-77;9;-74.46;0.2;0.44
01:09.4;;21;-60.33;1.25;1.12;-88;9;-75.96;0.3;0.55
01:09.5;;21;-60.33;0.91;0.95;-79;8;-76.03;0.39;0.63
01:09.6;;21;-60.33;0.71;0.84;-77;8;-76.12;0.52;0.72
01:09.8;-56;22;-60.14;0.57;0.76;;8;-76.16;0.64;0.8
01:09.9;-61;23;-60.17;0.43;0.66;;7;-75.69;0.72;0.85
01:10.0;;23;-60.17;0.32;0.57;-69;6;-74.97;0.77;0.88
01:10.1;-59;23;-60.09;0.27;0.52;;6;-74.97;0.8;0.89
01:10.2;-58;24;-60;0.22;0.47;;6;-74.88;0.82;0.91
01:10.3;-60;24;-59.67;0.18;0.42;;6;-74.94;0.86;0.93
01:10.5;;24;-59.67;0.14;0.38;-72;5;-76.25;0.99;0.99
01:10.6;;24;-59.67;0.13;0.36;-72;6;-76.07;1.09;1.04
01:10.7;-67;25;-59.96;0.09;0.3;;6;-76;1.2;1.09
01:10.8;;25;-59.96;0.07;0.26;-60;7;-75.25;1.23;1.11
01:10.9;-65;25;-60.28;0.06;0.25;;7;-75.25;1.25;1.12
01:11.0;-62;25;-60.52;0.06;0.24;;7;-75.37;1.29;1.14
01:11.2;-69;26;-60.85;0.07;0.26;;6;-76.62;1.4;1.18
01:11.3;;26;-60.85;0.08;0.28;-70;7;-76.04;1.46;1.21
01:11.4;;26;-60.85;0.08;0.29;-78;7;-75.9;1.5;1.23
01:11.5;;26;-60.85;0.09;0.31;-77;8;-75.88;1.53;1.24
01:11.6;-57;26;-60.62;0.09;0.31;;8;-75.88;1.49;1.22
01:11.8;-61;27;-60.63;0.09;0.31;;7;-75.91;1.48;1.22
01:11.9;-60;28;-60.61;0.09;0.31;;6;-75.24;1.45;1.2
01:12.0;;27;-60.7;0.1;0.31;-68;7;-74.91;1.42;1.19
01:12.1;;27;-60.7;0.1;0.32;-77;7;-74.82;1.39;1.18
01:12.2;-54;27;-60.41;0.1;0.32;;7;-74.82;1.37;1.17
01:12.4;-53;27;-60.11;0.1;0.32;;7;-74.55;1.34;1.16
01:12.5;;26;-60.12;0.1;0.32;-79;8;-74.99;1.3;1.14
01:12.6;;26;-60.12;0.1;0.32;-67;9;-74.39;1.24;1.11
01:12.7;;25;-60.2;0.1;0.32;-57;9;-73.63;1.23;1.11
01:12.9;-56;24;-60.25;0.1;0.31;;9;-73.63;1.19;1.09
01:13.0;;24;-60.25;0.09;0.31;-62;9;-73.24;1.22;1.11
01:13.1;-53;24;-59.83;0.1;0.31;;9;-73.24;1.23;1.11
01:13.1;;23;-59.74;0.1;0.32;-59;9;-72.78;1.28;1.13
01:13.2;;23;-59.74;0.11;0.32;-80;10;-72.95;1.32;1.15
01:13.2;;23;-59.74;0.11;0.33;-61;9;-72.69;1.37;1.17
01:13.3;;23;-59.74;0.11;0.34;-69;9;-72.72;1.42;1.19
01:13.4;-58;23;-59.65;0.12;0.35;;9;-72.72;1.47;1.21
01:13.4;;22;-59.59;0.13;0.36;-80;9;-73.1;1.48;1.22
01:13.5;;22;-59.59;0.13;0.36;-87;10;-73.6;1.47;1.21
01:13.6;;21;-59.57;0.14;0.37;-89;10;-74.22;1.43;1.2
01:13.6;;20;-59.65;0.15;0.38;-78;10;-74.44;1.39;1.18
01:13.7;-53;21;-59.33;0.16;0.4;;10;-74.44;1.37;1.17
01:13.8;;21;-59.33;0.17;0.41;-76;9;-74.75;1.32;1.15
01:13.8;;20;-59.35;0.18;0.43;-78;9;-74.93;1.26;1.12
01:13.9;-51;21;-58.95;0.21;0.45;;9;-74.93;1.24;1.11
01:14.0;-54;21;-58.52;0.26;0.51;;9;-74.93;1.2;1.1
01:14.1;;21;-58.52;0.3;0.55;-86;8;-75.32;1.2;1.09
01:14.1;;21;-58.52;0.34;0.58;-79;8;-75.47;1.18;1.09
01:14.2;;20;-58.35;0.39;0.63;-81;9;-75.62;1.18;1.09
01:14.3;;20;-58.35;0.44;0.66;-79;10;-75.63;1.17;1.08
01:14.4;;20;-58.35;0.48;0.69;-81;9;-75.92;1.19;1.09
01:14.4;;20;-58.35;0.52;0.72;-67;9;-75.44;1.17;1.08
01:14.5;-61;21;-58.48;0.55;0.74;;9;-75.44;1.16;1.08
01:14.6;;21;-58.48;0.57;0.76;-81;8;-75.63;1.14;1.07
01:14.7;;21;-58.48;0.6;0.77;-62;7;-75.55;1.12;1.06
01:14.8;;20;-58.6;0.62;0.79;-55;7;-75.21;1.09;1.04
01:14.8;-60;21;-58.67;0.63;0.79;;7;-75.21;1.07;1.03
01:14.9;;20;-58.55;0.65;0.81;-60;7;-75;1.06;1.03
01:15.0;;20;-58.55;0.67;0.82;-88;8;-75.59;1.07;1.03
01:16.2;;13;-56.23;0.97;0.98;-78;7;-76.53;1.14;1.07
01:16.3;;13;-56.23;1.18;1.09;-71;8;-75.87;1.15;1.07
01:16.3;;13;-56.23;1.35;1.16;-63;8;-75.72;1.13;1.06
01:16.4;;13;-56.23;1.49;1.22;-73;8;-75.41;1.11;1.05
01:16.5;;13;-56.23;1.65;1.28;-75;9;-75.16;1.09;1.04
01:16.5;-78;14;-57.79;1.61;1.27;;9;-75.04;1.06;1.03
01:16.6;;14;-57.79;1.61;1.27;-85;10;-75.34;1.05;1.02
01:16.6;;13;-57.85;1.58;1.26;-57;10;-75.05;1.02;1.01
01:16.7;;13;-57.85;1.58;1.26;-78;11;-74.97;1;1
01:16.8;;12;-57.58;1.55;1.24;-88;12;-75.34;0.98;0.99
01:16.9;;12;-57.58;1.55;1.25;-67;12;-75.26;0.96;0.98
01:16.9;-55;12;-57.17;1.54;1.24;;12;-75.26;0.96;0.98
01:17.0;;12;-57.17;1.51;1.23;-82;13;-75.38;0.97;0.99
01:17.1;;12;-57.17;1.53;1.24;-86;13;-75.69;0.97;0.98
01:17.2;;12;-57.17;1.49;1.22;-84;12;-76.08;1;1
01:17.2;;11;-57.45;1.44;1.2;-74;13;-75.83;1.03;1.01
01:17.3;;11;-57.45;1.44;1.2;-83;13;-76.04;1.04;1.02
01:17.4;;10;-57.9;1.39;1.18;-79;13;-76.16;1.07;1.03
01:17.7;;10;-57.9;1.31;1.15;-72;14;-75.84;1.11;1.05
01:17.8;;10;-57.9;1.25;1.12;-74;14;-76.18;1.11;1.05
01:17.9;;10;-57.9;1.23;1.11;-75;15;-76.03;1.11;1.05
01:18.0;;9;-58.11;1.16;1.08;-74;16;-75.86;1.09;1.04
01:18.0;;9;-58.11;1.08;1.04;-76;17;-76;1.04;1.02
01:18.1;;8;-58.75;1.01;1.01;-78;18;-76.28;0.91;0.96
01:18.2;;8;-58.75;0.97;0.98;-68;17;-76.12;0.83;0.91
01:18.3;;8;-58.75;0.93;0.96;-77;18;-76.34;0.72;0.85
01:18.4;;7;-58.86;0.86;0.93;-75;19;-76.35;0.46;0.68
01:18.5;-54;8;-58.25;0.81;0.9;;19;-76.23;0.36;0.6
01:18.6;;8;-58.25;0.77;0.87;-76;19;-75.94;0.29;0.54
01:18.6;;8;-58.25;0.68;0.82;-85;20;-75.65;0.23;0.48
01:18.7;;7;-59;0.66;0.81;-78;20;-75.76;0.2;0.45
01:18.8;-52;8;-58.12;0.62;0.79;;20;-75.7;0.19;0.43
01:18.9;-59;9;-58.22;0.58;0.76;;19;-75.57;0.18;0.42
01:19.0;;7;-59.86;0.65;0.8;-82;20;-75.8;0.16;0.4
01:19.1;-58;8;-59.62;0.7;0.84;;19;-75.47;0.16;0.4
01:19.2;;8;-59.62;0.75;0.87;-78;19;-75.44;0.16;0.4
01:19.2;;8;-59.62;0.8;0.9;-77;19;-75.47;0.16;0.4
01:19.3;-61;9;-59.78;0.87;0.93;;18;-75.44;0.16;0.4
01:19.4;;9;-59.78;0.93;0.96;-75;19;-75.16;0.16;0.4
01:19.5;-59;10;-59.7;0.98;0.99;;18;-75.32;0.16;0.41
01:19.6;;9;-59.56;1.02;1.01;-73;19;-75.32;0.17;0.41
01:19.7;;9;-59.56;1.06;1.03;-79;19;-75.26;0.17;0.41
01:19.8;-66;10;-60.2;1.17;1.08;;17;-76.1;0.17;0.42
01:19.9;-63;10;-60.5;1.28;1.13;;17;-76.1;0.17;0.41
01:20.0;-62;11;-60.64;1.41;1.19;;16;-76.56;0.18;0.42
01:20.1;-59;12;-60.5;1.51;1.23;;16;-76.28;0.18;0.43
01:20.1;;12;-60.5;1.58;1.26;-74;16;-76.19;0.18;0.43
01:20.2;;12;-60.5;1.64;1.28;-58;17;-75.68;0.18;0.42
01:20.3;-57;13;-60.23;1.67;1.29;;17;-75.68;0.18;0.42
01:20.4;-59;14;-60.14;1.69;1.3;;17;-75.68;0.17;0.42
01:20.5;;14;-60.14;1.71;1.31;-78;17;-75.7;0.17;0.41
01:20.6;;14;-60.14;1.73;1.32;-64;18;-75.41;0.17;0.41
01:20.7;;14;-60.14;1.75;1.32;-70;19;-75.32;0.17;0.41
01:20.8;;14;-60.14;1.76;1.33;-80;19;-75.38;0.17;0.41
01:20.9;;14;-60.14;1.77;1.33;-79;20;-75.52;0.17;0.41
01:21.0;;14;-60.14;1.77;1.33;-81;21;-75.69;0.16;0.4
01:21.1;-61;15;-60.2;1.78;1.34;;21;-75.69;0.16;0.4
01:21.2;;15;-60.2;1.79;1.34;-71;21;-75.55;0.16;0.4
01:21.3;;15;-60.2;1.63;1.28;-72;20;-75.47;0.15;0.38
01:21.4;;15;-60.2;1.54;1.24;-72;20;-75.7;0.15;0.38
01:21.5;-60;16;-60.19;1.32;1.15;;20;-75.85;0.14;0.38
01:21.6;;15;-59;1.29;1.14;-73;20;-75.82;0.14;0.37
01:21.7;;15;-59;1.26;1.12;-70;20;-75.88;0.13;0.36
01:21.8;-62;16;-59.19;1.23;1.11;;19;-75.84;0.12;0.34
01:21.9;;16;-59.19;1.16;1.08;-68;18;-75.54;0.11;0.33
01:22.0;;15;-59.47;1.09;1.04;-74;19;-75.49;0.11;0.33
01:22.1;;15;-59.47;0.94;0.97;-80;19;-75.16;0.11;0.34
01:22.2;-80;16;-60.75;0.89;0.94;;18;-74.9;0.13;0.36
01:22.3;;16;-60.75;0.85;0.92;-56;18;-74.46;0.16;0.4
01:22.4;;16;-60.75;0.77;0.88;-79;17;-74.1;0.2;0.45
01:22.5;-55;17;-60.41;0.77;0.88;;17;-74.1;0.25;0.5
01:22.6;;17;-60.41;0.77;0.88;-88;18;-74.53;0.27;0.52
01:22.7;-59;18;-60.33;0.77;0.88;;18;-74.53;0.28;0.53
01:22.8;;18;-60.33;0.69;0.83;-73;17;-74.54;0.3;0.55
01:22.9;;18;-60.33;0.64;0.8;-82;18;-74.81;0.31;0.56
01:23.0;;18;-60.33;0.6;0.77;-75;18;-74.84;0.32;0.56
01:23.1;-53;19;-59.95;0.54;0.73;;16;-74.78;0.32;0.56
01:23.2;;19;-59.95;0.52;0.72;-79;17;-75.03;0.31;0.56
01:23.3;;19;-59.95;0.5;0.7;-73;17;-74.91;0.3;0.55
01:23.5;-57;20;-59.8;0.48;0.69;;16;-74.94;0.29;0.54
01:23.6;-56;20;-59.9;0.43;0.65;;16;-74.94;0.28;0.53
01:23.7;-55;21;-59.67;0.33;0.57;;14;-74.6;0.29;0.54
01:23.8;-53;22;-59.36;0.32;0.56;;14;-74.48;0.3;0.55
01:23.9;;21;-59.71;0.25;0.5;-72;15;-74.38;0.32;0.57
01:24.0;-55;21;-59.52;0.2;0.45;;15;-74.1;0.35;0.59
01:24.1;;20;-59.6;0.2;0.45;-60;15;-73.69;0.4;0.63
01:24.2;-61;21;-59.67;0.2;0.45;;15;-73.5;0.45;0.67
01:24.4;;20;-59.6;0.2;0.45;-65;15;-73.1;0.55;0.74
01:24.5;-60;21;-59.62;0.21;0.45;;14;-73.1;0.63;0.8
01:24.6;;20;-59.65;0.21;0.45;-63;14;-72.84;0.74;0.86
01:24.7;;20;-59.65;0.21;0.45;-81;14;-73.1;0.81;0.9
01:24.8;;19;-59.32;0.21;0.46;-79;14;-73.1;0.87;0.93
01:24.9;;18;-59.11;0.22;0.47;-77;15;-73.16;0.91;0.95
01:25.0;;17;-58.94;0.24;0.48;-74;16;-73.12;0.91;0.95
01:25.1;;16;-58.94;0.24;0.49;-80;15;-73.42;0.88;0.94
01:25.3;;16;-58.94;0.25;0.5;-67;15;-73.68;0.88;0.94
01:25.4;;15;-59.07;0.26;0.51;-59;15;-73.32;0.9;0.95
01:25.5;;14;-59.07;0.27;0.52;-67;15;-73.19;0.92;0.96
01:25.6;;14;-59.07;0.28;0.53;-55;14;-72.86;0.96;0.98
01:25.7;;14;-59.07;0.29;0.54;-53;14;-72.41;1.03;1.02
01:25.8;;14;-59.07;0.3;0.55;-80;14;-72.41;1.1;1.05
01:26.0;;14;-59.07;0.3;0.55;-79;15;-72.3;1.16;1.08
01:26.1;;13;-58.92;0.31;0.56;-81;15;-72.3;1.18;1.09
01:26.2;;13;-58.92;0.32;0.56;-88;15;-72.86;1.18;1.09
01:26.3;;13;-58.92;0.32;0.57;-82;14;-73.34;1.16;1.08
01:26.4;;13;-58.92;0.32;0.57;-87;14;-73.74;1.1;1.05
01:26.6;;12;-58.83;0.33;0.57;-73;15;-73.62;1.03;1.02
01:26.7;-67;13;-59.46;0.32;0.57;;14;-73.79;0.9;0.95
01:26.8;;12;-59.25;0.32;0.57;-68;15;-73.5;0.82;0.9
01:26.9;-59;13;-59.23;0.32;0.56;;15;-73.5;0.8;0.89
01:26.9;;13;-59.23;0.31;0.56;-79;15;-73.8;0.74;0.86
01:27.0;-58;14;-59.14;0.32;0.56;;14;-73.88;0.68;0.82
01:27.1;-59;15;-59.13;0.32;0.56;;14;-73.88;0.66;0.81
01:27.1;;15;-59.13;0.32;0.57;-79;14;-73.84;0.62;0.79
01:27.2;;15;-59.13;0.32;0.56;-67;14;-73.74;0.61;0.78
01:27.3;;14;-57.64;0.36;0.6;-63;14;-73.53;0.58;0.76
01:27.3;;14;-57.64;0.39;0.62;-78;15;-73.97;0.57;0.76
01:27.4;;14;-57.64;0.45;0.67;-64;15;-73.78;0.56;0.75
01:28.5;;10;-58.3;0.29;0.53;-80;10;-73.46;0.37;0.61
01:28.6;;9;-58.56;0.28;0.52;-76;11;-73.42;0.31;0.56
01:28.6;;9;-58.56;0.27;0.52;-90;11;-73.91;0.31;0.55
01:28.7;;8;-59;0.26;0.51;-75;12;-73.84;0.28;0.53
01:28.8;-56;9;-58.67;0.26;0.51;;12;-73.84;0.27;0.52
01:28.8;;8;-59.38;0.26;0.51;-74;12;-73.91;0.25;0.5
01:28.9;;8;-59.38;0.26;0.51;-72;13;-73.74;0.25;0.5
01:28.9;;8;-59.38;0.25;0.5;-59;12;-73.63;0.23;0.48
01:29.0;-57;9;-59.11;0.24;0.49;;12;-73.63;0.22;0.47
01:29.1;;8;-59.62;0.25;0.5;-60;12;-73.4;0.21;0.46
01:29.1;;8;-59.62;0.25;0.5;-73;13;-73.26;0.21;0.46
01:29.2;-60;9;-59.67;0.25;0.5;;13;-73.5;0.21;0.45
01:29.2;;8;-59.5;0.25;0.5;-55;13;-73.16;0.21;0.45
01:29.3;;8;-59.5;0.25;0.5;-79;14;-73.25;0.2;0.45
01:29.4;;8;-59.5;0.24;0.49;-57;14;-73.08;0.2;0.45
01:29.4;-61;9;-59.67;0.25;0.5;;14;-73.08;0.2;0.45
01:29.5;;8;-59.62;0.25;0.5;-78;15;-73.12;0.2;0.45
01:29.5;-60;9;-59.67;0.25;0.5;;15;-73.12;0.2;0.44
01:29.6;;9;-59.67;0.25;0.5;-82;16;-73.44;0.19;0.44
01:29.7;;9;-59.67;0.25;0.5;-87;16;-73.82;0.19;0.44
01:29.7;;9;-59.67;0.25;0.5;-79;17;-73.65;0.19;0.44
01:29.8;-58;10;-59.5;0.25;0.5;;17;-73.65;0.19;0.43
01:29.9;;10;-59.5;0.25;0.5;-88;17;-73.85;0.19;0.43
01:29.9;;10;-59.5;0.25;0.5;-70;17;-73.65;0.19;0.43
01:30.0;;10;-59.5;0.25;0.5;-87;17;-74;0.19;0.44
01:30.1;;10;-59.5;0.25;0.5;-71;16;-74.07;0.2;0.44
01:30.2;;10;-59.5;0.26;0.51;-75;17;-73.83;0.2;0.45
01:30.3;;10;-59.5;0.25;0.5;-78;18;-73.87;0.2;0.45
01:30.3;-61;11;-59.64;0.26;0.51;;18;-73.96;0.2;0.45
01:30.4;;11;-59.64;0.26;0.51;-87;18;-74.6;0.23;0.48
01:30.5;-60;12;-59.67;0.27;0.52;;18;-74.72;0.25;0.5
01:30.6;;12;-59.67;0.27;0.52;-74;19;-74.65;0.27;0.52
01:30.6;-59;13;-59.62;0.27;0.52;;19;-75.09;0.31;0.55
01:30.7;;13;-59.62;0.27;0.52;-70;19;-75.52;0.35;0.59
01:30.8;-60;14;-59.64;0.27;0.52;;19;-75.52;0.4;0.64
01:30.9;;14;-59.64;0.27;0.52;-69;19;-75.22;0.41;0.64
01:31.0;;14;-59.64;0.27;0.52;-70;19;-74.99;0.4;0.63
01:31.1;-66;15;-60.07;0.28;0.53;;19;-74.99;0.42;0.65
01:31.2;;15;-60.07;0.29;0.54;-53;19;-74.29;0.38;0.61
01:31.2;;15;-60.07;0.3;0.55;-58;18;-73.59;0.36;0.6
01:31.3;-71;16;-60.75;0.34;0.58;;18;-73.34;0.36;0.6
01:31.4;-70;17;-61.29;0.4;0.63;;18;-73.34;0.36;0.6
01:31.5;-67;18;-61.61;0.49;0.7;;18;-72.94;0.37;0.61
01:31.6;;18;-61.61;0.56;0.75;-76;18;-73.03;0.39;0.62
01:31.7;-68;19;-61.95;0.66;0.81;;18;-73.03;0.39;0.62
01:31.7;-64;19;-61.79;0.76;0.87;;18;-73.03;0.4;0.63
01:31.8;-61;20;-61.75;0.84;0.92;;17;-73.24;0.41;0.64
01:31.9;;19;-61.89;0.93;0.96;-74;17;-73.31;0.41;0.64
01:32.0;;19;-61.89;1.01;1.01;-73;17;-73.16;0.42;0.64
01:32.1;;18;-62.11;1.11;1.05;-75;17;-73.26;0.42;0.65
01:32.1;-66;18;-62.5;1.25;1.12;;16;-73.15;0.44;0.66
01:32.2;-63;19;-62.53;1.37;1.17;;16;-73.25;0.44;0.66
01:32.3;-61;20;-62.45;1.32;1.15;;15;-73.38;0.45;0.67
01:32.4;;20;-62.45;1.31;1.15;-77;16;-73.65;0.45;0.67
01:32.5;;20;-62.45;1.39;1.18;-59;16;-73.31;0.44;0.67
01:32.6;-58;21;-62.24;1.44;1.2;;16;-73.31;0.44;0.66
01:32.7;-56;22;-61.95;1.47;1.21;;16;-73.31;0.43;0.66
01:32.8;;22;-61.95;1.5;1.22;-60;16;-73.02;0.44;0.66
01:32.9;-58;23;-61.78;1.51;1.23;;16;-73.02;0.44;0.66
01:33.0;-59;24;-61.67;1.52;1.23;;16;-73.02;0.44;0.66
01:33.0;;24;-61.67;1.52;1.23;-84;17;-73.28;0.43;0.66
01:33.1;;24;-61.67;1.53;1.24;-80;18;-73.4;0.43;0.65
01:33.2;-61;25;-61.64;1.53;1.24;;18;-73.4;0.42;0.65
01:33.3;-60;26;-61.58;1.53;1.24;;18;-73.4;0.42;0.64
01:33.4;;26;-61.58;1.53;1.24;-77;18;-73.54;0.41;0.64
01:33.5;;26;-61.58;1.52;1.23;-82;18;-73.79;0.4;0.63
01:33.6;;26;-61.58;1.44;1.2;-87;17;-73.94;0.41;0.64
01:33.7;;26;-61.58;1.4;1.18;-85;17;-73.84;0.41;0.64
01:33.8;;25;-61.8;1.35;1.16;-75;17;-73.84;0.41;0.64
01:33.9;-59;26;-61.69;1.34;1.16;;17;-73.78;0.41;0.64
01:33.9;-60;27;-61.63;1.32;1.15;;16;-74.22;0.42;0.65
01:34.0;;26;-61.81;1.3;1.14;-72;17;-74.1;0.43;0.65
01:34.1;-58;27;-61.67;1.29;1.13;;16;-74.5;0.44;0.66
01:34.2;-57;27;-61.56;1.27;1.13;;16;-74.5;0.45;0.67
01:34.3;;27;-61.56;1.24;1.11;-63;15;-74.62;0.46;0.68
01:34.4;-56;27;-61.37;1.21;1.1;;15;-75.08;0.48;0.69
01:34.5;;27;-61.37;1.18;1.09;-62;14;-74.68;0.48;0.69
01:34.6;;26;-61.42;1.14;1.07;-89;14;-74.94;0.5;0.71
01:34.7;-54;27;-61.15;1.1;1.05;;13;-74.46;0.51;0.72
01:34.9;-57;27;-61.11;1.05;1.03;;13;-74.46;0.52;0.72
01:35.0;-59;28;-61.04;0.98;0.99;;12;-74.26;0.53;0.73
01:35.1;;28;-61.04;0.93;0.96;-74;12;-73.88;0.53;0.73
01:35.2;-57;29;-60.9;0.88;0.94;;12;-73.88;0.53;0.73
01:35.3;;29;-60.9;0.79;0.89;-86;10;-74.33;0.54;0.73
01:35.4;;28;-60.89;0.74;0.86;-85;10;-74.69;0.55;0.74
01:35.5;;28;-60.89;0.69;0.83;-79;10;-74.46;0.55;0.74
01:35.6;;27;-60.93;0.61;0.78;-80;9;-74.82;0.55;0.74
01:35.7;;26;-61;0.55;0.74;-87;10;-75.32;0.56;0.75
01:35.8;;26;-61;0.5;0.71;-91;11;-75.99;0.59;0.77
01:35.9;;25;-61.04;0.39;0.62;-73;10;-76.5;0.65;0.81
