timestamp_ns,device_name,rssi
20375023000,2-lvl-node-1,-61
20403033000,2-lvl-node-3,-76
20424395000,2-lvl-node-3,-77
20453064000,2-lvl-node-1,-55
20856573000,2-lvl-node-3,-69
20926746000,2-lvl-node-2,-70
20986707000,2-lvl-node-1,-56
21047180000,2-lvl-node-3,-67
21106669000,2-lvl-node-2,-74
21177985000,2-lvl-node-3,-69
21268260000,2-lvl-node-3,-70
21345726000,2-lvl-node-3,-71
21404220000,2-lvl-node-1,-59
21468956000,2-lvl-node-3,-67
21529721000,2-lvl-node-2,-65
21599167000,2-lvl-node-3,-61
21670213000,2-lvl-node-3,-70
21739848000,2-lvl-node-1,-71
21810285000,2-lvl-node-3,-85
21890984000,2-lvl-node-3,-77
21959896000,2-lvl-node-2,-81
22036509000,2-lvl-node-1,-68
22121541000,2-lvl-node-3,-73
22190580000,2-lvl-node-2,-72
22272533000,2-lvl-node-2,-81
22362466000,2-lvl-node-1,-55
22432669000,2-lvl-node-3,-76
23637045000,2-lvl-node-2,-75
23723716000,2-lvl-node-1,-53
23783678000,2-lvl-node-3,-82
23843795000,2-lvl-node-1,-54
23904506000,2-lvl-node-3,-76
23964718000,2-lvl-node-2,-73
24025159000,2-lvl-node-1,-62
24082721000,2-lvl-node-3,-75
24155128000,2-lvl-node-1,-58
24225846000,2-lvl-node-3,-80
24286464000,2-lvl-node-3,-71
24366019000,2-lvl-node-1,-53
24436729000,2-lvl-node-3,-67
24517563000,2-lvl-node-3,-65
24587596000,2-lvl-node-2,-79
24656564000,2-lvl-node-3,-78
24737764000,2-lvl-node-3,-76
24818382000,2-lvl-node-2,-71
24899780000,2-lvl-node-2,-76
24967830000,2-lvl-node-1,-49
25039103000,2-lvl-node-3,-77
25115263000,2-lvl-node-3,-62
25259813000,2-lvl-node-3,-70
25339998000,2-lvl-node-3,-76
25430502000,2-lvl-node-3,-83
25511012000,2-lvl-node-1,-54
25590534000,2-lvl-node-3,-77
25671174000,2-lvl-node-2,-74
25771556000,2-lvl-node-2,-77
25861567000,2-lvl-node-3,-82
25953151000,2-lvl-node-1,-55
26042030000,2-lvl-node-3,-79
26122246000,2-lvl-node-3,-77
26202983000,2-lvl-node-1,-56
26283630000,2-lvl-node-2,-76
26363869000,2-lvl-node-1,-55
26453565000,2-lvl-node-2,-77
26534037000,2-lvl-node-3,-76
26624294000,2-lvl-node-2,-76
26724850000,2-lvl-node-3,-62
26835055000,2-lvl-node-2,-78
26925365000,2-lvl-node-3,-61
27011065000,2-lvl-node-3,-58
27094694000,2-lvl-node-1,-52
27186136000,2-lvl-node-2,-67
27276713000,2-lvl-node-2,-64
27366767000,2-lvl-node-2,-65
27456976000,2-lvl-node-3,-64
27547489000,2-lvl-node-2,-81
27637476000,2-lvl-node-1,-56
27727647000,2-lvl-node-1,-57
27818012000,2-lvl-node-1,-58
27928242000,2-lvl-node-3,-77
28018037000,2-lvl-node-3,-78
28109124000,2-lvl-node-2,-79
28199556000,2-lvl-node-2,-81
28300236000,2-lvl-node-2,-70
28390571000,2-lvl-node-3,-55
28480606000,2-lvl-node-3,-62
28570376000,2-lvl-node-1,-56
28658059000,2-lvl-node-1,-80
28750245000,2-lvl-node-3,-59
28840642000,2-lvl-node-2,-76
28952133000,2-lvl-node-2,-80
29062240000,2-lvl-node-2,-81
29172579000,2-lvl-node-1,-55
29283215000,2-lvl-node-2,-73
29391931000,2-lvl-node-2,-77
29493527000,2-lvl-node-2,-78
29601227000,2-lvl-node-1,-54
29703826000,2-lvl-node-2,-82
29804602000,2-lvl-node-2,-83
29904426000,2-lvl-node-2,-76
30015352000,2-lvl-node-1,-55
30130396000,2-lvl-node-1,-53
30245736000,2-lvl-node-2,-69
30346229000,2-lvl-node-2,-73
30456320000,2-lvl-node-1,-50
30566868000,2-lvl-node-2,-75
30676980000,2-lvl-node-1,-49
30787056000,2-lvl-node-3,-58
30897507000,2-lvl-node-3,-61
31007845000,2-lvl-node-2,-70
31138244000,2-lvl-node-3,-73
31248000000,2-lvl-node-3,-64
31358489000,2-lvl-node-3,-75
31468747000,2-lvl-node-3,-76
31589313000,2-lvl-node-1,-52
31699406000,2-lvl-node-2,-92
31807140000,2-lvl-node-2,-86
31919783000,2-lvl-node-2,-82
32040077000,2-lvl-node-1,-53
32170881000,2-lvl-node-2,-69
32280903000,2-lvl-node-3,-62
32406314000,2-lvl-node-3,-59
32521544000,2-lvl-node-3,-67
32632433000,2-lvl-node-2,-79
32752209000,2-lvl-node-1,-55
32872285000,2-lvl-node-2,-73
32993377000,2-lvl-node-3,-69
33113435000,2-lvl-node-3,-71
33228411000,2-lvl-node-2,-88
33356362000,2-lvl-node-2,-89
33483919000,2-lvl-node-2,-74
33602860000,2-lvl-node-3,-74
33722532000,2-lvl-node-3,-75
33841562000,2-lvl-node-3,-70
33964897000,2-lvl-node-3,-71
34084915000,2-lvl-node-3,-78
34205761000,2-lvl-node-3,-76
34357457000,2-lvl-node-3,-95
34496461000,2-lvl-node-1,-51
34615867000,2-lvl-node-2,-75
34736127000,2-lvl-node-3,-78
34905527000,2-lvl-node-2,-78
34965179000,2-lvl-node-1,-55
35025707000,2-lvl-node-2,-77
35085555000,2-lvl-node-1,-57
36225933000,2-lvl-node-2,-75
36296957000,2-lvl-node-2,-78
36354345000,2-lvl-node-3,-81
36413409000,2-lvl-node-1,-55
36463626000,2-lvl-node-3,-76
36516917000,2-lvl-node-3,-75
36568275000,2-lvl-node-3,-72
36628133000,2-lvl-node-1,-58
36688514000,2-lvl-node-3,-79
36748763000,2-lvl-node-2,-74
36809362000,2-lvl-node-3,-61
36869244000,2-lvl-node-1,-54
36929793000,2-lvl-node-3,-56
36991258000,2-lvl-node-3,-58
37050539000,2-lvl-node-1,-56
37110845000,2-lvl-node-3,-71
37170666000,2-lvl-node-3,-70
37231140000,2-lvl-node-3,-59
37291189000,2-lvl-node-1,-55
37372327000,2-lvl-node-3,-60
37442285000,2-lvl-node-3,-58
37522664000,2-lvl-node-2,-79
37578823000,2-lvl-node-1,-58
37642903000,2-lvl-node-2,-78
37703125000,2-lvl-node-1,-59
37763703000,2-lvl-node-3,-67
37823846000,2-lvl-node-1,-80
37884369000,2-lvl-node-2,-72
37954497000,2-lvl-node-2,-87
38024498000,2-lvl-node-1,-58
38105320000,2-lvl-node-1,-57
38185469000,2-lvl-node-2,-80
38266385000,2-lvl-node-2,-76
38345736000,2-lvl-node-1,-55
38436642000,2-lvl-node-2,-74
38506459000,2-lvl-node-3,-78
38587014000,2-lvl-node-3,-76
38666872000,2-lvl-node-1,-59
38735739000,2-lvl-node-1,-60
38817805000,2-lvl-node-3,-74
38898985000,2-lvl-node-2,-77
38988181000,2-lvl-node-1,-58
39059036000,2-lvl-node-2,-76
39138641000,2-lvl-node-2,-78
39226369000,2-lvl-node-2,-81
39309455000,2-lvl-node-1,-56
39400282000,2-lvl-node-2,-79
39500403000,2-lvl-node-1,-55
39580533000,2-lvl-node-1,-58
39670546000,2-lvl-node-1,-56
39751475000,2-lvl-node-2,-80
39841557000,2-lvl-node-3,-60
39931463000,2-lvl-node-2,-78
40012291000,2-lvl-node-1,-57
40093593000,2-lvl-node-1,-55
40182150000,2-lvl-node-2,-83
40273091000,2-lvl-node-3,-78
40362999000,2-lvl-node-1,-56
40453905000,2-lvl-node-1,-60
40544126000,2-lvl-node-1,-59
40633748000,2-lvl-node-3,-77
40723882000,2-lvl-node-2,-85
40824338000,2-lvl-node-3,-74
40914478000,2-lvl-node-2,-74
41005122000,2-lvl-node-3,-63
41095539000,2-lvl-node-1,-56
41186096000,2-lvl-node-1,-55
41276696000,2-lvl-node-2,-84
41366947000,2-lvl-node-2,-87
41456475000,2-lvl-node-1,-59
41546764000,2-lvl-node-2,-80
41657203000,2-lvl-node-2,-77
41747293000,2-lvl-node-3,-62
41837713000,2-lvl-node-1,-57
41928482000,2-lvl-node-3,-71
42018723000,2-lvl-node-1,-58
42109284000,2-lvl-node-1,-54
42209299000,2-lvl-node-1,-56
42309949000,2-lvl-node-1,-82
42410364000,2-lvl-node-1,-59
42497010000,2-lvl-node-3,-80
42590143000,2-lvl-node-3,-70
42700300000,2-lvl-node-1,-60
42800402000,2-lvl-node-1,-59
42912226000,2-lvl-node-2,-79
43022130000,2-lvl-node-3,-63
43121436000,2-lvl-node-1,-54
43222006000,2-lvl-node-1,-53
43332675000,2-lvl-node-2,-83
43432533000,2-lvl-node-1,-58
43543557000,2-lvl-node-1,-59
43643317000,2-lvl-node-2,-85
43773857000,2-lvl-node-1,-60
43894348000,2-lvl-node-1,-59
44004653000,2-lvl-node-3,-78
44114431000,2-lvl-node-1,-57
44224717000,2-lvl-node-3,-70
44344705000,2-lvl-node-2,-77
44455278000,2-lvl-node-1,-60
44565723000,2-lvl-node-1,-61
44676096000,2-lvl-node-1,-60
44806524000,2-lvl-node-1,-59
44926442000,2-lvl-node-2,-82
45036865000,2-lvl-node-3,-59
45487281000,2-lvl-node-2,-79
45597495000,2-lvl-node-2,-84
45707706000,2-lvl-node-2,-78
45828403000,2-lvl-node-2,-75
45948550000,2-lvl-node-1,-58
46066038000,2-lvl-node-1,-60
46175692000,2-lvl-node-3,-78
46295577000,2-lvl-node-3,-79
46419664000,2-lvl-node-3,-81
46539853000,2-lvl-node-2,-81
46660155000,2-lvl-node-3,-85
46781437000,2-lvl-node-2,-78
46908376000,2-lvl-node-2,-77
47021971000,2-lvl-node-3,-59
48225957000,2-lvl-node-1,-56
48331932000,2-lvl-node-3,-80
48452135000,2-lvl-node-3,-79
48562661000,2-lvl-node-1,-59
48672837000,2-lvl-node-1,-58
48782927000,2-lvl-node-3,-63
48893226000,2-lvl-node-1,-57
49003822000,2-lvl-node-3,-60
49114047000,2-lvl-node-3,-73
49225284000,2-lvl-node-3,-61
49334633000,2-lvl-node-3,-58
49464596000,2-lvl-node-2,-88
49614950000,2-lvl-node-2,-78
49734931000,2-lvl-node-1,-60
49856483000,2-lvl-node-3,-69
49976147000,2-lvl-node-3,-70
50096492000,2-lvl-node-2,-77
50215494000,2-lvl-node-2,-78
50325516000,2-lvl-node-1,-62
50485555000,2-lvl-node-1,-58
50555495000,2-lvl-node-1,-61
50615364000,2-lvl-node-2,-80
50685599000,2-lvl-node-1,-60
50736300000,2-lvl-node-2,-74
50796288000,2-lvl-node-1,-59
50856540000,2-lvl-node-3,-67
50917205000,2-lvl-node-3,-72
50977216000,2-lvl-node-1,-58
51037979000,2-lvl-node-3,-77
51097637000,2-lvl-node-2,-83
51157913000,2-lvl-node-3,-75
51216313000,2-lvl-node-2,-77
51279276000,2-lvl-node-1,-59
51339679000,2-lvl-node-3,-72
51400703000,2-lvl-node-3,-73
51469802000,2-lvl-node-3,-76
51529330000,2-lvl-node-2,-79
51620511000,2-lvl-node-1,-63
51680317000,2-lvl-node-3,-63
51740572000,2-lvl-node-1,-61
51800602000,2-lvl-node-2,-89
51861188000,2-lvl-node-1,-62
51921584000,2-lvl-node-1,-61
51992199000,2-lvl-node-2,-78
52063406000,2-lvl-node-1,-60
52142812000,2-lvl-node-1,-58
52203256000,2-lvl-node-2,-79
52264431000,2-lvl-node-1,-57
52333687000,2-lvl-node-2,-78
52414308000,2-lvl-node-3,-62
52494585000,2-lvl-node-3,-69
52564670000,2-lvl-node-1,-58
52655144000,2-lvl-node-1,-57
52734950000,2-lvl-node-2,-77
52815150000,2-lvl-node-2,-82
52885659000,2-lvl-node-1,-58
52966305000,2-lvl-node-1,-57
53046452000,2-lvl-node-2,-78
53127340000,2-lvl-node-2,-75
53208308000,2-lvl-node-3,-73
53294520000,2-lvl-node-1,-56
53378318000,2-lvl-node-2,-74
53467882000,2-lvl-node-2,-75
53558584000,2-lvl-node-2,-76
53638170000,2-lvl-node-1,-58
53729002000,2-lvl-node-2,-85
53808937000,2-lvl-node-2,-91
53899353000,2-lvl-node-2,-88
53976399000,2-lvl-node-3,-87
54059971000,2-lvl-node-1,-56
54150275000,2-lvl-node-1,-59
54231360000,2-lvl-node-3,-88
54320685000,2-lvl-node-2,-78
54401914000,2-lvl-node-2,-77
54481040000,2-lvl-node-1,-61
54572006000,2-lvl-node-1,-59
54662224000,2-lvl-node-1,-60
54752491000,2-lvl-node-2,-78
54833045000,2-lvl-node-2,-79
54912757000,2-lvl-node-3,-61
54993305000,2-lvl-node-1,-58
55074217000,2-lvl-node-1,-59
55160432000,2-lvl-node-2,-75
55254327000,2-lvl-node-2,-79
55334429000,2-lvl-node-3,-58
55424664000,2-lvl-node-1,-60
55514699000,2-lvl-node-1,-61
55605546000,2-lvl-node-1,-59
55695720000,2-lvl-node-1,-58
55816411000,2-lvl-node-1,-59
55906682000,2-lvl-node-1,-60
55996682000,2-lvl-node-2,-85
56084014000,2-lvl-node-2,-92
56177032000,2-lvl-node-3,-88
56267519000,2-lvl-node-3,-87
56358314000,2-lvl-node-3,-80
56448062000,2-lvl-node-1,-59
56538544000,2-lvl-node-1,-60
56628733000,2-lvl-node-1,-61
56719127000,2-lvl-node-2,-87
56828714000,2-lvl-node-2,-82
56929680000,2-lvl-node-2,-78
57038891000,2-lvl-node-1,-57
57145746000,2-lvl-node-2,-76
57260301000,2-lvl-node-2,-77
57360640000,2-lvl-node-3,-64
57470375000,2-lvl-node-3,-72
57581393000,2-lvl-node-2,-78
57692900000,2-lvl-node-1,-60
57792126000,2-lvl-node-2,-73
57922327000,2-lvl-node-2,-72
58032620000,2-lvl-node-2,-77
58142888000,2-lvl-node-1,-62
58243058000,2-lvl-node-2,-81
58354482000,2-lvl-node-3,-71
58473401000,2-lvl-node-2,-77
58584028000,2-lvl-node-1,-64
58694138000,2-lvl-node-2,-87
59876635000,2-lvl-node-1,-61
59995297000,2-lvl-node-1,-56
60106678000,2-lvl-node-3,-76
60215863000,2-lvl-node-2,-73
60316071000,2-lvl-node-2,-77
60416156000,2-lvl-node-1,-60
60516912000,2-lvl-node-2,-87
60625565000,2-lvl-node-2,-79
60728405000,2-lvl-node-1,-62
60823120000,2-lvl-node-2,-88
60926755000,2-lvl-node-2,-76
61035087000,2-lvl-node-2,-79
61137042000,2-lvl-node-2,-75
61236915000,2-lvl-node-1,-58
61339149000,2-lvl-node-1,-57
61439331000,2-lvl-node-1,-58
61540370000,2-lvl-node-1,-59
61650013000,2-lvl-node-1,-60
61770348000,2-lvl-node-3,-68
61881673000,2-lvl-node-3,-67
62000770000,2-lvl-node-2,-74
62121259000,2-lvl-node-1,-58
62231168000,2-lvl-node-1,-57
62341219000,2-lvl-node-1,-59
62451753000,2-lvl-node-2,-75
62571866000,2-lvl-node-1,-61
62692395000,2-lvl-node-3,-78
62802836000,2-lvl-node-3,-72
62912886000,2-lvl-node-3,-71
63033541000,2-lvl-node-2,-85
63164024000,2-lvl-node-1,-58
63270701000,2-lvl-node-2,-77
63394269000,2-lvl-node-1,-57
63515667000,2-lvl-node-3,-72
63634881000,2-lvl-node-3,-71
63754883000,2-lvl-node-3,-68
63870374000,2-lvl-node-2,-74
63985727000,2-lvl-node-2,-76
64096646000,2-lvl-node-2,-75
64225637000,2-lvl-node-2,-78
64346831000,2-lvl-node-3,-57
64466108000,2-lvl-node-3,-54
64625594000,2-lvl-node-3,-62
64685180000,2-lvl-node-3,-72
64745811000,2-lvl-node-2,-84
64805592000,2-lvl-node-3,-78
64865332000,2-lvl-node-2,-74
64926648000,2-lvl-node-2,-81
64986120000,2-lvl-node-3,-75
65047357000,2-lvl-node-1,-62
65108643000,2-lvl-node-3,-85
65186901000,2-lvl-node-2,-78
65247761000,2-lvl-node-2,-77
65308326000,2-lvl-node-3,-64
65363627000,2-lvl-node-1,-60
65429380000,2-lvl-node-2,-79
65499003000,2-lvl-node-1,-61
65558714000,2-lvl-node-3,-69
65619801000,2-lvl-node-3,-75
65678571000,2-lvl-node-1,-57
65750613000,2-lvl-node-2,-85
65810293000,2-lvl-node-1,-56
65870686000,2-lvl-node-2,-81
65951522000,2-lvl-node-2,-74
66022106000,2-lvl-node-3,-64
66101991000,2-lvl-node-1,-59
66182148000,2-lvl-node-2,-80
66273540000,2-lvl-node-3,-65
66352873000,2-lvl-node-3,-77
66432844000,2-lvl-node-1,-60
66510944000,2-lvl-node-1,-57
66593306000,2-lvl-node-2,-79
66674023000,2-lvl-node-2,-82
66743822000,2-lvl-node-1,-55
66824895000,2-lvl-node-1,-56
66904822000,2-lvl-node-2,-83
66984907000,2-lvl-node-3,-67
67065133000,2-lvl-node-1,-60
67135952000,2-lvl-node-2,-90
67226039000,2-lvl-node-2,-86
67326103000,2-lvl-node-3,-63
67412765000,2-lvl-node-2,-84
67486772000,2-lvl-node-1,-61
67563028000,2-lvl-node-1,-60
67647520000,2-lvl-node-2,-87
67727963000,2-lvl-node-2,-79
67807905000,2-lvl-node-3,-82
67888141000,2-lvl-node-2,-83
67978828000,2-lvl-node-2,-75
68068903000,2-lvl-node-2,-77
68159526000,2-lvl-node-2,-78
68250162000,2-lvl-node-3,-69
68340203000,2-lvl-node-3,-68
68420259000,2-lvl-node-3,-67
68510592000,2-lvl-node-1,-61
68590393000,2-lvl-node-2,-77
68670990000,2-lvl-node-2,-76
68761382000,2-lvl-node-3,-61
68842301000,2-lvl-node-1,-60
68932012000,2-lvl-node-1,-57
69012943000,2-lvl-node-2,-80
69092743000,2-lvl-node-2,-75
69173061000,2-lvl-node-3,-80
69263278000,2-lvl-node-1,-60
69363352000,2-lvl-node-1,-61
69454118000,2-lvl-node-1,-60
69544403000,2-lvl-node-1,-56
69634244000,2-lvl-node-2,-78
69744861000,2-lvl-node-2,-79
69834653000,2-lvl-node-2,-88
69925377000,2-lvl-node-3,-88
70015558000,2-lvl-node-3,-76
70104226000,2-lvl-node-3,-74
70196263000,2-lvl-node-1,-60
70286750000,2-lvl-node-3,-77
70407099000,2-lvl-node-1,-59
70506826000,2-lvl-node-1,-57
70597444000,2-lvl-node-1,-58
72143901000,2-lvl-node-1,-57
72238055000,2-lvl-node-1,-76
72328277000,2-lvl-node-1,-56
72418896000,2-lvl-node-3,-79
72509022000,2-lvl-node-3,-77
72599277000,2-lvl-node-2,-78
72689720000,2-lvl-node-2,-77
72780993000,2-lvl-node-1,-59
72868142000,2-lvl-node-3,-68
72960886000,2-lvl-node-2,-75
73047284000,2-lvl-node-3,-67
73140961000,2-lvl-node-3,-70
73231627000,2-lvl-node-3,-63
73349620000,2-lvl-node-2,-86
73442278000,2-lvl-node-3,-68
73532380000,2-lvl-node-2,-87
73622459000,2-lvl-node-1,-57
73713026000,2-lvl-node-1,-56
73813064000,2-lvl-node-1,-55
73900279000,2-lvl-node-1,-56
73993617000,2-lvl-node-3,-82
74082306000,2-lvl-node-3,-78
74175012000,2-lvl-node-2,-78
74264248000,2-lvl-node-2,-87
74384507000,2-lvl-node-2,-81
74495627000,2-lvl-node-3,-71
74596001000,2-lvl-node-3,-78
74695705000,2-lvl-node-2,-77
74793826000,2-lvl-node-1,-58
74896239000,2-lvl-node-1,-57
74996634000,2-lvl-node-1,-59
75096804000,2-lvl-node-3,-67
75197359000,2-lvl-node-3,-63
75298726000,2-lvl-node-3,-61
75418068000,2-lvl-node-1,-80
75525099000,2-lvl-node-1,-84
75638352000,2-lvl-node-1,-69
75749470000,2-lvl-node-3,-73
75869188000,2-lvl-node-2,-87
75975630000,2-lvl-node-3,-88
76076617000,2-lvl-node-3,-79
76176738000,2-lvl-node-2,-79
76280452000,2-lvl-node-3,-71
76390711000,2-lvl-node-3,-73
76511459000,2-lvl-node-3,-74
76631124000,2-lvl-node-3,-78
76740367000,2-lvl-node-1,-62
76861973000,2-lvl-node-1,-63
76982192000,2-lvl-node-1,-61
77102551000,2-lvl-node-2,-75
77222525000,2-lvl-node-2,-76
77343420000,2-lvl-node-3,-59
77453964000,2-lvl-node-1,-69
77573779000,2-lvl-node-3,-61
77684224000,2-lvl-node-1,-63
77789591000,2-lvl-node-1,-62
77904413000,2-lvl-node-1,-61
78035002000,2-lvl-node-3,-73
78154640000,2-lvl-node-2,-75
78274665000,2-lvl-node-1,-63
78391438000,2-lvl-node-3,-78
78507249000,2-lvl-node-2,-78
78627774000,2-lvl-node-2,-79
78745937000,2-lvl-node-1,-59
78867019000,2-lvl-node-1,-60
79032485000,2-lvl-node-1,-82
79085541000,2-lvl-node-2,-78
79142673000,2-lvl-node-1,-62
79205733000,2-lvl-node-3,-53
79265943000,2-lvl-node-1,-63
79327823000,2-lvl-node-2,-77
79396926000,2-lvl-node-1,-69
79457165000,2-lvl-node-3,-61
79527544000,2-lvl-node-2,-79
79587992000,2-lvl-node-1,-61
79648027000,2-lvl-node-3,-58
79709361000,2-lvl-node-2,-83
79768543000,2-lvl-node-3,-64
79828938000,2-lvl-node-2,-82
79889161000,2-lvl-node-3,-70
79949170000,2-lvl-node-2,-84
80019857000,2-lvl-node-1,-69
80090103000,2-lvl-node-3,-78
80160559000,2-lvl-node-2,-86
80250755000,2-lvl-node-1,-72
80319232000,2-lvl-node-1,-62
80386472000,2-lvl-node-3,-77
80471622000,2-lvl-node-2,-72
80551939000,2-lvl-node-1,-70
80621849000,2-lvl-node-3,-84
80702431000,2-lvl-node-3,-77
80778301000,2-lvl-node-2,-76
80853262000,2-lvl-node-1,-66
80934763000,2-lvl-node-2,-74
81014140000,2-lvl-node-3,-80
81092256000,2-lvl-node-2,-75
81174507000,2-lvl-node-1,-61
81254445000,2-lvl-node-2,-76
81345023000,2-lvl-node-3,-79
81434910000,2-lvl-node-2,-73
81525161000,2-lvl-node-1,-59
81616209000,2-lvl-node-2,-77
81705746000,2-lvl-node-3,-75
81786473000,2-lvl-node-3,-77
81875637000,2-lvl-node-3,-82
81968028000,2-lvl-node-3,-63
82057434000,2-lvl-node-2,-79
82146207000,2-lvl-node-2,-75
82233641000,2-lvl-node-3,-68
82330525000,2-lvl-node-3,-67
82418535000,2-lvl-node-3,-60
82499150000,2-lvl-node-2,-73
82589085000,2-lvl-node-2,-86
82678631000,2-lvl-node-2,-90
82759917000,2-lvl-node-1,-62
82839612000,2-lvl-node-3,-73
82920509000,2-lvl-node-3,-67
83000600000,2-lvl-node-2,-71
84165977000,2-lvl-node-2,-85
84231480000,2-lvl-node-2,-79
84311357000,2-lvl-node-3,-58
84401678000,2-lvl-node-3,-55
84481679000,2-lvl-node-1,-58
84568233000,2-lvl-node-1,-60
84642248000,2-lvl-node-3,-60
84732749000,2-lvl-node-3,-61
84823549000,2-lvl-node-3,-74
84903749000,2-lvl-node-2,-72
84983204000,2-lvl-node-2,-73
85074504000,2-lvl-node-2,-78
85163863000,2-lvl-node-3,-79
85254841000,2-lvl-node-3,-75
85344865000,2-lvl-node-3,-74
85434351000,2-lvl-node-1,-61
85525948000,2-lvl-node-2,-84
85615789000,2-lvl-node-2,-77
85706167000,2-lvl-node-1,-68
85795876000,2-lvl-node-3,-55
85886453000,2-lvl-node-2,-83
85978148000,2-lvl-node-2,-77
86067335000,2-lvl-node-2,-84
86157690000,2-lvl-node-2,-74
86248350000,2-lvl-node-1,-57
86334126000,2-lvl-node-2,-76
86417721000,2-lvl-node-1,-56
86509238000,2-lvl-node-3,-56
86599175000,2-lvl-node-2,-89
86689433000,2-lvl-node-2,-82
86780224000,2-lvl-node-2,-86
86870652000,2-lvl-node-2,-78
86960369000,2-lvl-node-1,-63
87050211000,2-lvl-node-3,-73
87141096000,2-lvl-node-3,-79
87230656000,2-lvl-node-2,-83
87331428000,2-lvl-node-1,-58
87421842000,2-lvl-node-2,-79
87522251000,2-lvl-node-1,-62
87622726000,2-lvl-node-2,-83
87722906000,2-lvl-node-1,-61
87823295000,2-lvl-node-1,-60
87923610000,2-lvl-node-2,-82
88033957000,2-lvl-node-1,-58
88143745000,2-lvl-node-1,-57
88264216000,2-lvl-node-1,-58
88374619000,2-lvl-node-1,-63
88475093000,2-lvl-node-1,-62
88585276000,2-lvl-node-2,-76
88685849000,2-lvl-node-1,-60
88796024000,2-lvl-node-1,-61
88896141000,2-lvl-node-1,-60
89006570000,2-lvl-node-1,-58
89106776000,2-lvl-node-2,-75
89207271000,2-lvl-node-1,-59
89317286000,2-lvl-node-1,-63
89437614000,2-lvl-node-2,-78
89558234000,2-lvl-node-1,-62
89679094000,2-lvl-node-2,-77
89788863000,2-lvl-node-3,-88
89908641000,2-lvl-node-2,-79
90019622000,2-lvl-node-2,-77
90129898000,2-lvl-node-1,-56
90240173000,2-lvl-node-1,-61
90360179000,2-lvl-node-3,-69
90480363000,2-lvl-node-1,-59
90600366000,2-lvl-node-1,-58
90721153000,2-lvl-node-1,-60
90841168000,2-lvl-node-2,-72
90951596000,2-lvl-node-3,-72
91072757000,2-lvl-node-1,-67
91192098000,2-lvl-node-3,-60
91302671000,2-lvl-node-1,-65
91422781000,2-lvl-node-1,-62
91533189000,2-lvl-node-1,-69
91654136000,2-lvl-node-3,-70
91763701000,2-lvl-node-2,-78
91883994000,2-lvl-node-3,-77
91994114000,2-lvl-node-1,-57
92125622000,2-lvl-node-1,-61
92235356000,2-lvl-node-1,-60
92354999000,2-lvl-node-3,-68
92485630000,2-lvl-node-2,-77
92605798000,2-lvl-node-1,-54
92737584000,2-lvl-node-1,-53
92866215000,2-lvl-node-3,-79
92985857000,2-lvl-node-3,-67
93103767000,2-lvl-node-3,-57
93302031000,2-lvl-node-1,-56
93365873000,2-lvl-node-3,-62
93425394000,2-lvl-node-1,-53
93485906000,2-lvl-node-3,-59
93546334000,2-lvl-node-2,-80
93607715000,2-lvl-node-3,-61
93677098000,2-lvl-node-3,-69
93736363000,2-lvl-node-1,-58
93797548000,2-lvl-node-3,-80
93856376000,2-lvl-node-2,-87
93939101000,2-lvl-node-3,-89
94008486000,2-lvl-node-3,-78
94068455000,2-lvl-node-1,-53
94139956000,2-lvl-node-3,-76
94219528000,2-lvl-node-3,-78
94299589000,2-lvl-node-1,-51
94370151000,2-lvl-node-1,-54
94450550000,2-lvl-node-3,-86
94520818000,2-lvl-node-3,-79
94589286000,2-lvl-node-2,-81
94672195000,2-lvl-node-2,-79
94741323000,2-lvl-node-3,-81
94821751000,2-lvl-node-3,-67
94901176000,2-lvl-node-1,-61
94984671000,2-lvl-node-3,-81
95072620000,2-lvl-node-3,-62
95143076000,2-lvl-node-3,-55
95211422000,2-lvl-node-1,-60
95293446000,2-lvl-node-3,-60
95383498000,2-lvl-node-2,-88
96566886000,2-lvl-node-3,-78
96630344000,2-lvl-node-2,-71
96696607000,2-lvl-node-3,-63
96764957000,2-lvl-node-2,-73
96832229000,2-lvl-node-2,-75
96892064000,2-lvl-node-1,-78
96955064000,2-lvl-node-2,-85
97023189000,2-lvl-node-3,-57
97098158000,2-lvl-node-2,-78
97165784000,2-lvl-node-2,-88
97233048000,2-lvl-node-3,-67
97317544000,2-lvl-node-1,-55
97387407000,2-lvl-node-2,-82
97458185000,2-lvl-node-3,-86
97539128000,2-lvl-node-3,-84
97609512000,2-lvl-node-2,-74
97688987000,2-lvl-node-3,-83
97769148000,2-lvl-node-3,-79
98086550000,2-lvl-node-2,-72
98170145000,2-lvl-node-3,-74
98260994000,2-lvl-node-2,-75
98350204000,2-lvl-node-2,-74
98416577000,2-lvl-node-2,-76
98491107000,2-lvl-node-2,-78
98581875000,2-lvl-node-3,-68
98672307000,2-lvl-node-2,-77
98761729000,2-lvl-node-2,-75
98852167000,2-lvl-node-1,-54
98938703000,2-lvl-node-2,-76
99022330000,2-lvl-node-2,-85
99113078000,2-lvl-node-3,-78
99206770000,2-lvl-node-1,-52
99283731000,2-lvl-node-1,-59
99373797000,2-lvl-node-3,-82
99452991000,2-lvl-node-1,-58
99544820000,2-lvl-node-3,-78
99623713000,2-lvl-node-3,-77
99724936000,2-lvl-node-1,-61
99806306000,2-lvl-node-2,-75
99885567000,2-lvl-node-1,-59
99976164000,2-lvl-node-3,-73
100068344000,2-lvl-node-3,-79
100156471000,2-lvl-node-1,-66
100247031000,2-lvl-node-1,-63
100337107000,2-lvl-node-1,-62
100427699000,2-lvl-node-1,-59
100518117000,2-lvl-node-2,-74
100608321000,2-lvl-node-3,-58
100697453000,2-lvl-node-1,-57
100788156000,2-lvl-node-1,-59
100880184000,2-lvl-node-2,-78
100968891000,2-lvl-node-3,-64
101059876000,2-lvl-node-3,-70
101150180000,2-lvl-node-2,-80
101237301000,2-lvl-node-3,-79
101330276000,2-lvl-node-3,-81
101431379000,2-lvl-node-1,-61
101533306000,2-lvl-node-2,-71
101642483000,2-lvl-node-2,-72
101742509000,2-lvl-node-3,-72
101843143000,2-lvl-node-1,-60
101953375000,2-lvl-node-3,-73
102053780000,2-lvl-node-2,-70
102153225000,2-lvl-node-1,-62
102254880000,2-lvl-node-3,-68
102363575000,2-lvl-node-2,-74
102463869000,2-lvl-node-2,-80
102564318000,2-lvl-node-1,-80
102664508000,2-lvl-node-3,-56
102774793000,2-lvl-node-2,-79
102875021000,2-lvl-node-1,-55
102975510000,2-lvl-node-3,-88
103076002000,2-lvl-node-1,-59
103185967000,2-lvl-node-2,-73
103286543000,2-lvl-node-3,-82
103386818000,2-lvl-node-2,-75
103497110000,2-lvl-node-1,-53
103607143000,2-lvl-node-2,-79
103717317000,2-lvl-node-2,-73
103828020000,2-lvl-node-1,-57
103938465000,2-lvl-node-1,-56
104048749000,2-lvl-node-1,-55
104164968000,2-lvl-node-1,-53
104270688000,2-lvl-node-2,-72
104378475000,2-lvl-node-1,-55
104500055000,2-lvl-node-3,-60
104610552000,2-lvl-node-1,-61
104731663000,2-lvl-node-3,-65
104840974000,2-lvl-node-1,-60
104951122000,2-lvl-node-3,-63
105061196000,2-lvl-node-3,-81
105181772000,2-lvl-node-3,-79
105293662000,2-lvl-node-2,-77
105402358000,2-lvl-node-2,-74
105523033000,2-lvl-node-3,-80
105642901000,2-lvl-node-3,-67
105753363000,2-lvl-node-3,-59
105863580000,2-lvl-node-3,-67
105983455000,2-lvl-node-3,-55
106094281000,2-lvl-node-3,-53
106200936000,2-lvl-node-2,-80
106326691000,2-lvl-node-2,-79
106442239000,2-lvl-node-3,-81
106567184000,2-lvl-node-2,-88
106695587000,2-lvl-node-3,-82
106813984000,2-lvl-node-3,-87
106936116000,2-lvl-node-2,-73
107056683000,2-lvl-node-1,-67
107183533000,2-lvl-node-2,-68
107245434000,2-lvl-node-1,-59
107315722000,2-lvl-node-3,-79
107372557000,2-lvl-node-1,-58
107436652000,2-lvl-node-1,-59
107496307000,2-lvl-node-2,-79
107558471000,2-lvl-node-3,-67
107636966000,2-lvl-node-3,-63
107692656000,2-lvl-node-2,-78
107757204000,2-lvl-node-3,-64
108895978000,2-lvl-node-3,-80
108948215000,2-lvl-node-2,-76
109008193000,2-lvl-node-3,-90
109068847000,2-lvl-node-2,-75
109129521000,2-lvl-node-1,-56
109189577000,2-lvl-node-3,-74
109249586000,2-lvl-node-2,-72
109309997000,2-lvl-node-3,-59
109370654000,2-lvl-node-1,-57
109430660000,2-lvl-node-3,-60
109490514000,2-lvl-node-2,-73
109548252000,2-lvl-node-1,-60
109611435000,2-lvl-node-3,-55
109671783000,2-lvl-node-2,-79
109731712000,2-lvl-node-3,-57
109792136000,2-lvl-node-1,-61
109852525000,2-lvl-node-2,-78
109914529000,2-lvl-node-1,-60
109983759000,2-lvl-node-2,-82
110042722000,2-lvl-node-3,-87
110104030000,2-lvl-node-2,-79
110174802000,2-lvl-node-1,-58
110254469000,2-lvl-node-3,-88
110324983000,2-lvl-node-2,-70
110391347000,2-lvl-node-3,-87
110475541000,2-lvl-node-3,-71
110556013000,2-lvl-node-2,-75
110635550000,2-lvl-node-2,-78
110712351000,2-lvl-node-1,-61
110786710000,2-lvl-node-3,-87
110868537000,2-lvl-node-1,-60
110937687000,2-lvl-node-2,-74
111018336000,2-lvl-node-1,-59
111098002000,2-lvl-node-3,-70
111178681000,2-lvl-node-1,-60
111259000000,2-lvl-node-2,-69
111348993000,2-lvl-node-2,-70
111439931000,2-lvl-node-1,-66
111529900000,2-lvl-node-3,-53
111620201000,2-lvl-node-3,-58
111710283000,2-lvl-node-1,-71
111791025000,2-lvl-node-1,-70
111871256000,2-lvl-node-1,-67
111951110000,2-lvl-node-2,-76
112032294000,2-lvl-node-1,-68
112111890000,2-lvl-node-1,-64
112187592000,2-lvl-node-1,-61
112273319000,2-lvl-node-3,-74
112351762000,2-lvl-node-3,-73
112432903000,2-lvl-node-3,-75
112523863000,2-lvl-node-1,-66
112615330000,2-lvl-node-1,-63
112694086000,2-lvl-node-1,-61
112784195000,2-lvl-node-2,-77
112865967000,2-lvl-node-3,-59
112964931000,2-lvl-node-1,-58
113054936000,2-lvl-node-1,-56
113145999000,2-lvl-node-3,-60
113235979000,2-lvl-node-1,-58
113326595000,2-lvl-node-1,-59
113416370000,2-lvl-node-2,-84
113505566000,2-lvl-node-2,-80
113596866000,2-lvl-node-1,-61
113687722000,2-lvl-node-1,-60
113777725000,2-lvl-node-3,-77
113868242000,2-lvl-node-3,-82
113958212000,2-lvl-node-3,-87
114048599000,2-lvl-node-3,-85
114135033000,2-lvl-node-2,-75
114229199000,2-lvl-node-1,-59
114319293000,2-lvl-node-1,-60
114410052000,2-lvl-node-2,-72
114507306000,2-lvl-node-1,-58
114601142000,2-lvl-node-1,-57
114700588000,2-lvl-node-3,-63
114811627000,2-lvl-node-1,-56
114911552000,2-lvl-node-3,-62
115021828000,2-lvl-node-2,-89
115122827000,2-lvl-node-1,-54
115232565000,2-lvl-node-1,-57
115342743000,2-lvl-node-1,-59
115452936000,2-lvl-node-3,-74
115549873000,2-lvl-node-1,-57
115653475000,2-lvl-node-3,-86
115754144000,2-lvl-node-3,-85
115855290000,2-lvl-node-3,-79
115953501000,2-lvl-node-3,-80
116054808000,2-lvl-node-2,-87
116165465000,2-lvl-node-2,-91
116275934000,2-lvl-node-3,-73
116386188000,2-lvl-node-1,-58
116496160000,2-lvl-node-1,-56
116606231000,2-lvl-node-1,-57
116726818000,2-lvl-node-3,-59
116837243000,2-lvl-node-3,-61
116957439000,2-lvl-node-3,-56
117067690000,2-lvl-node-1,-59
117187891000,2-lvl-node-3,-72
117298411000,2-lvl-node-1,-61
117408391000,2-lvl-node-1,-62
117518946000,2-lvl-node-1,-60
117630357000,2-lvl-node-3,-84
117740526000,2-lvl-node-3,-82
117849808000,2-lvl-node-2,-83
117960185000,2-lvl-node-3,-69
118080772000,2-lvl-node-3,-66
118191095000,2-lvl-node-1,-61
118300137000,2-lvl-node-1,-58
118411463000,2-lvl-node-1,-57
118532649000,2-lvl-node-3,-61
118642616000,2-lvl-node-2,-81
118752373000,2-lvl-node-1,-56
118862672000,2-lvl-node-2,-79
118984462000,2-lvl-node-1,-55
119113694000,2-lvl-node-1,-60
119233728000,2-lvl-node-1,-61
119363902000,2-lvl-node-1,-62
119494072000,2-lvl-node-1,-60
120691562000,2-lvl-node-2,-77
120814890000,2-lvl-node-3,-71
120924734000,2-lvl-node-1,-57
121035583000,2-lvl-node-3,-80
121145586000,2-lvl-node-3,-88
121255976000,2-lvl-node-3,-79
121376181000,2-lvl-node-3,-76
121495978000,2-lvl-node-3,-75
121601868000,2-lvl-node-2,-76
121755624000,2-lvl-node-1,-56
121804604000,2-lvl-node-2,-77
121865719000,2-lvl-node-3,-63
121914977000,2-lvl-node-3,-66
121976244000,2-lvl-node-3,-69
122036446000,2-lvl-node-2,-78
122096926000,2-lvl-node-3,-61
122156539000,2-lvl-node-1,-60
122221798000,2-lvl-node-1,-55
122288065000,2-lvl-node-3,-59
122348152000,2-lvl-node-2,-82
122408302000,2-lvl-node-3,-72
122469186000,2-lvl-node-1,-59
122530159000,2-lvl-node-2,-89
122589337000,2-lvl-node-3,-70
122649468000,2-lvl-node-2,-77
122709310000,2-lvl-node-3,-77
122770062000,2-lvl-node-2,-74
122830330000,2-lvl-node-3,-82
122890548000,2-lvl-node-2,-73
122951293000,2-lvl-node-1,-61
123271870000,2-lvl-node-3,-83
123328201000,2-lvl-node-3,-82
123391472000,2-lvl-node-2,-84
123452292000,2-lvl-node-3,-67
123512704000,2-lvl-node-2,-76
123573241000,2-lvl-node-3,-57
123640595000,2-lvl-node-1,-55
123703838000,2-lvl-node-2,-81
123773809000,2-lvl-node-3,-62
123834020000,2-lvl-node-2,-80
123904683000,2-lvl-node-3,-59
123975124000,2-lvl-node-3,-57
124055449000,2-lvl-node-1,-59
124135674000,2-lvl-node-2,-81
124205994000,2-lvl-node-3,-62
124286605000,2-lvl-node-3,-67
124366346000,2-lvl-node-2,-85
124446962000,2-lvl-node-2,-80
124516924000,2-lvl-node-1,-60
124587483000,2-lvl-node-1,-57
124665170000,2-lvl-node-2,-73
124738124000,2-lvl-node-3,-87
124818577000,2-lvl-node-1,-59
124909186000,2-lvl-node-2,-78
124989029000,2-lvl-node-1,-60
125079124000,2-lvl-node-2,-82
125169230000,2-lvl-node-1,-61
125260151000,2-lvl-node-3,-74
125350542000,2-lvl-node-3,-60
125440268000,2-lvl-node-1,-60
125530924000,2-lvl-node-2,-79
125621684000,2-lvl-node-2,-80
125701059000,2-lvl-node-3,-59
125781771000,2-lvl-node-3,-56
125872117000,2-lvl-node-1,-56
125952126000,2-lvl-node-3,-57
126033182000,2-lvl-node-1,-60
126122514000,2-lvl-node-3,-70
126213849000,2-lvl-node-1,-61
126293560000,2-lvl-node-1,-60
126373761000,2-lvl-node-1,-61
126454482000,2-lvl-node-1,-62
126544420000,2-lvl-node-2,-75
126634684000,2-lvl-node-3,-84
126724899000,2-lvl-node-3,-80
126815440000,2-lvl-node-1,-58
126905159000,2-lvl-node-2,-74
126995861000,2-lvl-node-3,-78
127086354000,2-lvl-node-2,-78
127172295000,2-lvl-node-2,-79
127266619000,2-lvl-node-3,-59
127357429000,2-lvl-node-3,-68
127447543000,2-lvl-node-1,-59
127538515000,2-lvl-node-2,-87
127628724000,2-lvl-node-1,-57
127716018000,2-lvl-node-2,-81
127805447000,2-lvl-node-2,-80
127898811000,2-lvl-node-3,-74
127998908000,2-lvl-node-1,-61
128099888000,2-lvl-node-3,-73
128200212000,2-lvl-node-2,-84
128300337000,2-lvl-node-1,-60
128400724000,2-lvl-node-3,-87
128501152000,2-lvl-node-3,-88
128611253000,2-lvl-node-1,-58
128721789000,2-lvl-node-3,-82
128832030000,2-lvl-node-3,-88
128930747000,2-lvl-node-3,-58
129042718000,2-lvl-node-3,-56
129153217000,2-lvl-node-3,-63
129253395000,2-lvl-node-2,-81
129350641000,2-lvl-node-3,-59
129459223000,2-lvl-node-2,-83
129564218000,2-lvl-node-3,-64
129673277000,2-lvl-node-3,-74
129784467000,2-lvl-node-2,-80
129905136000,2-lvl-node-3,-76
130025733000,2-lvl-node-3,-69
130142171000,2-lvl-node-2,-76
130251237000,2-lvl-node-1,-61
130366260000,2-lvl-node-1,-60
130476942000,2-lvl-node-2,-74
130597261000,2-lvl-node-1,-57
130708320000,2-lvl-node-3,-82
130827738000,2-lvl-node-1,-60
130938076000,2-lvl-node-3,-63
131048390000,2-lvl-node-3,-60
131158590000,2-lvl-node-1,-59
132366079000,2-lvl-node-1,-55
132468804000,2-lvl-node-2,-73
132579317000,2-lvl-node-2,-72
132689674000,2-lvl-node-2,-78
132789659000,2-lvl-node-2,-86
132889887000,2-lvl-node-2,-87
133000846000,2-lvl-node-3,-59
133100936000,2-lvl-node-2,-88
133221417000,2-lvl-node-2,-86
133331435000,2-lvl-node-1,-59
133439678000,2-lvl-node-2,-73
133542663000,2-lvl-node-2,-69
133650268000,2-lvl-node-1,-60
133762590000,2-lvl-node-1,-62
133883494000,2-lvl-node-1,-58
134003380000,2-lvl-node-1,-60
134123820000,2-lvl-node-3,-77
134243938000,2-lvl-node-2,-78
134349281000,2-lvl-node-2,-85
134464516000,2-lvl-node-2,-81
134591305000,2-lvl-node-3,-62
134700428000,2-lvl-node-3,-58
134810595000,2-lvl-node-1,-59
134925846000,2-lvl-node-1,-60
135045720000,2-lvl-node-3,-67
135166414000,2-lvl-node-3,-78
135282008000,2-lvl-node-3,-88
135445541000,2-lvl-node-2,-72
135495486000,2-lvl-node-3,-83
135555576000,2-lvl-node-3,-85
135615562000,2-lvl-node-2,-83
135676001000,2-lvl-node-3,-84
135736326000,2-lvl-node-2,-79
135796966000,2-lvl-node-3,-75
135854043000,2-lvl-node-1,-59
135906806000,2-lvl-node-2,-78
135968028000,2-lvl-node-3,-76
136027321000,2-lvl-node-3,-75
136088542000,2-lvl-node-1,-60
136148510000,2-lvl-node-2,-82
136209228000,2-lvl-node-1,-62
136264695000,2-lvl-node-3,-59
136329082000,2-lvl-node-1,-61
136390109000,2-lvl-node-3,-61
136450247000,2-lvl-node-2,-84
136510770000,2-lvl-node-1,-60
136580581000,2-lvl-node-3,-58
136640804000,2-lvl-node-1,-58
136711835000,2-lvl-node-1,-59
136781714000,2-lvl-node-2,-89
136851847000,2-lvl-node-1,-62
136908026000,2-lvl-node-1,-81
136993408000,2-lvl-node-3,-73
137072376000,2-lvl-node-3,-77
137143686000,2-lvl-node-1,-62
137224228000,2-lvl-node-3,-92
137304387000,2-lvl-node-2,-76
137383277000,2-lvl-node-3,-81
137464778000,2-lvl-node-3,-87
137545100000,2-lvl-node-3,-82
137624737000,2-lvl-node-1,-60
137694622000,2-lvl-node-3,-81
137775885000,2-lvl-node-2,-78
137851515000,2-lvl-node-1,-59
137924539000,2-lvl-node-2,-80
138005824000,2-lvl-node-2,-79
138077418000,2-lvl-node-3,-61
138157706000,2-lvl-node-1,-64
138237864000,2-lvl-node-2,-78
138328111000,2-lvl-node-3,-57
138418884000,2-lvl-node-1,-59
138498591000,2-lvl-node-1,-61
138588961000,2-lvl-node-1,-60
138664653000,2-lvl-node-2,-83
138739451000,2-lvl-node-3,-62
138830098000,2-lvl-node-2,-85
138916319000,2-lvl-node-3,-71
139010764000,2-lvl-node-3,-73
139100898000,2-lvl-node-1,-62
139178297000,2-lvl-node-2,-79
139271417000,2-lvl-node-3,-86
139351811000,2-lvl-node-3,-78
139432260000,2-lvl-node-3,-81
139522889000,2-lvl-node-3,-83
139612917000,2-lvl-node-2,-78
139692419000,2-lvl-node-3,-73
139773506000,2-lvl-node-3,-70
139863685000,2-lvl-node-3,-69
139954204000,2-lvl-node-3,-76
140043158000,2-lvl-node-3,-72
140134768000,2-lvl-node-2,-69
140224346000,2-lvl-node-3,-89
140324892000,2-lvl-node-3,-68
140414884000,2-lvl-node-3,-63
140505189000,2-lvl-node-3,-57
140596382000,2-lvl-node-1,-60
140687016000,2-lvl-node-3,-61
140776825000,2-lvl-node-1,-59
140866996000,2-lvl-node-2,-71
140966900000,2-lvl-node-3,-62
141057657000,2-lvl-node-3,-60
141148033000,2-lvl-node-3,-61
141248302000,2-lvl-node-3,-62
141338887000,2-lvl-node-3,-64
141448675000,2-lvl-node-1,-61
141549377000,2-lvl-node-3,-65
141659590000,2-lvl-node-3,-73
141769876000,2-lvl-node-3,-79
141880225000,2-lvl-node-3,-82
141990514000,2-lvl-node-3,-92
142100391000,2-lvl-node-3,-93
142201081000,2-lvl-node-3,-87
142301570000,2-lvl-node-3,-80
142401911000,2-lvl-node-3,-57
142511828000,2-lvl-node-3,-55
142621952000,2-lvl-node-1,-62
142732904000,2-lvl-node-3,-66
142853612000,2-lvl-node-2,-77
144055921000,2-lvl-node-2,-81
144153555000,2-lvl-node-1,-60
144253767000,2-lvl-node-2,-84
144354609000,2-lvl-node-2,-83
144444779000,2-lvl-node-1,-61
144545305000,2-lvl-node-1,-60
144645121000,2-lvl-node-2,-85
144745514000,2-lvl-node-2,-84
144845538000,2-lvl-node-3,-59
144945602000,2-lvl-node-3,-58
145046440000,2-lvl-node-3,-62
145386597000,2-lvl-node-3,-64
145492400000,2-lvl-node-2,-79
145606981000,2-lvl-node-2,-77
145717730000,2-lvl-node-1,-59
145818118000,2-lvl-node-1,-60
145928498000,2-lvl-node-1,-61
146028423000,2-lvl-node-2,-72
146138864000,2-lvl-node-2,-78
146239245000,2-lvl-node-3,-78
146339493000,2-lvl-node-1,-59
146439807000,2-lvl-node-2,-83
146550501000,2-lvl-node-3,-49
146660407000,2-lvl-node-2,-80
146770951000,2-lvl-node-1,-60
146882184000,2-lvl-node-3,-55
146991823000,2-lvl-node-3,-62
147101621000,2-lvl-node-3,-76
147217004000,2-lvl-node-3,-72
147318908000,2-lvl-node-3,-67
147422623000,2-lvl-node-3,-70
147532735000,2-lvl-node-3,-82
147643274000,2-lvl-node-3,-84
147763589000,2-lvl-node-3,-78
147883731000,2-lvl-node-3,-74
147994120000,2-lvl-node-2,-74
148114445000,2-lvl-node-1,-59
148224770000,2-lvl-node-1,-57
148355144000,2-lvl-node-3,-64
148474899000,2-lvl-node-3,-59
148595279000,2-lvl-node-2,-85
148715936000,2-lvl-node-2,-79
148836440000,2-lvl-node-2,-84
148956643000,2-lvl-node-1,-55
149077043000,2-lvl-node-1,-53
149234462000,2-lvl-node-1,-50
149295035000,2-lvl-node-1,-48
149355666000,2-lvl-node-2,-85
149415415000,2-lvl-node-1,-50
149475938000,2-lvl-node-2,-76
149536319000,2-lvl-node-3,-83
149597035000,2-lvl-node-1,-45
149652290000,2-lvl-node-3,-86
149706900000,2-lvl-node-1,-53
149767658000,2-lvl-node-2,-78
149827752000,2-lvl-node-1,-56
149887948000,2-lvl-node-2,-76
149948172000,2-lvl-node-3,-61
150008662000,2-lvl-node-2,-75
150069881000,2-lvl-node-2,-77
150129322000,2-lvl-node-1,-48
150189947000,2-lvl-node-3,-60
150260339000,2-lvl-node-3,-68
150320337000,2-lvl-node-2,-76
150386143000,2-lvl-node-2,-78
150450820000,2-lvl-node-1,-45
150511769000,2-lvl-node-2,-84
150581577000,2-lvl-node-3,-74
150662084000,2-lvl-node-1,-55
150732228000,2-lvl-node-2,-80
150802497000,2-lvl-node-3,-83
150869961000,2-lvl-node-1,-53
150953275000,2-lvl-node-2,-76
151033338000,2-lvl-node-3,-80
151103660000,2-lvl-node-3,-72
151179357000,2-lvl-node-1,-54
151254280000,2-lvl-node-2,-83
151324786000,2-lvl-node-3,-78
151405028000,2-lvl-node-1,-61
151475089000,2-lvl-node-2,-76
151556262000,2-lvl-node-2,-78
151635106000,2-lvl-node-3,-68
151701494000,2-lvl-node-1,-60
151786770000,2-lvl-node-2,-77
151872455000,2-lvl-node-2,-78
151956856000,2-lvl-node-3,-60
152037897000,2-lvl-node-3,-54
152117703000,2-lvl-node-1,-57
152198250000,2-lvl-node-3,-55
152279004000,2-lvl-node-3,-63
152367760000,2-lvl-node-3,-83
152446825000,2-lvl-node-1,-60
152529298000,2-lvl-node-2,-74
152605817000,2-lvl-node-2,-69
152689898000,2-lvl-node-3,-77
152769942000,2-lvl-node-1,-62
152850836000,2-lvl-node-1,-66
152941099000,2-lvl-node-2,-87
153031537000,2-lvl-node-2,-77
153111280000,2-lvl-node-3,-79
153202124000,2-lvl-node-1,-58
153292375000,2-lvl-node-3,-68
153382970000,2-lvl-node-3,-57
153462722000,2-lvl-node-3,-59
153543079000,2-lvl-node-3,-57
153623587000,2-lvl-node-2,-88
153723458000,2-lvl-node-1,-63
153813911000,2-lvl-node-1,-61
153894285000,2-lvl-node-3,-65
153993827000,2-lvl-node-1,-60
154084892000,2-lvl-node-3,-64
154175504000,2-lvl-node-2,-69
154275217000,2-lvl-node-1,-57
154366126000,2-lvl-node-3,-72
154457195000,2-lvl-node-2,-71
154546789000,2-lvl-node-1,-58
154646692000,2-lvl-node-2,-69
154737077000,2-lvl-node-1,-56
155906100000,2-lvl-node-1,-58
155987522000,2-lvl-node-3,-71
156078245000,2-lvl-node-2,-68
156168503000,2-lvl-node-1,-57
156258599000,2-lvl-node-3,-80
156348867000,2-lvl-node-1,-72
156439089000,2-lvl-node-1,-69
156529783000,2-lvl-node-2,-70
156619513000,2-lvl-node-3,-76
156710568000,2-lvl-node-2,-69
156800801000,2-lvl-node-3,-75
156890260000,2-lvl-node-1,-56
156981244000,2-lvl-node-3,-76
157071728000,2-lvl-node-1,-51
157161596000,2-lvl-node-3,-80
157252133000,2-lvl-node-2,-72
157342758000,2-lvl-node-3,-79
157428076000,2-lvl-node-3,-78
157523286000,2-lvl-node-3,-80
157612846000,2-lvl-node-1,-74
157703741000,2-lvl-node-1,-67
157803506000,2-lvl-node-3,-75
157894194000,2-lvl-node-3,-78
157994865000,2-lvl-node-1,-65
158094696000,2-lvl-node-3,-79
158205328000,2-lvl-node-3,-80
158315856000,2-lvl-node-3,-77
158416054000,2-lvl-node-2,-66
158516342000,2-lvl-node-2,-65
158616741000,2-lvl-node-2,-67
158726452000,2-lvl-node-3,-76
158826996000,2-lvl-node-2,-72
158927083000,2-lvl-node-2,-71
159027393000,2-lvl-node-3,-78
159128282000,2-lvl-node-2,-73
159228546000,2-lvl-node-2,-72
159328757000,2-lvl-node-2,-68
159424888000,2-lvl-node-2,-67
159527055000,2-lvl-node-2,-62
159629167000,2-lvl-node-3,-79
159735487000,2-lvl-node-3,-81
159839880000,2-lvl-node-3,-82
159947139000,2-lvl-node-2,-67
160051458000,2-lvl-node-2,-70
160158078000,2-lvl-node-2,-69
160261353000,2-lvl-node-2,-68
160367973000,2-lvl-node-3,-78
160472177000,2-lvl-node-2,-63
160592491000,2-lvl-node-2,-62
160702854000,2-lvl-node-2,-63
160812288000,2-lvl-node-1,-53
160923362000,2-lvl-node-3,-77
161033624000,2-lvl-node-3,-79
161143852000,2-lvl-node-3,-72
161254026000,2-lvl-node-3,-75
161364444000,2-lvl-node-3,-76
161495920000,2-lvl-node-2,-64
161613845000,2-lvl-node-2,-58
161724389000,2-lvl-node-1,-61
161846124000,2-lvl-node-3,-81
161965707000,2-lvl-node-2,-67
162086372000,2-lvl-node-3,-77
162206658000,2-lvl-node-1,-54
162335982000,2-lvl-node-1,-53
162505599000,2-lvl-node-1,-51
162564047000,2-lvl-node-2,-59
162624893000,2-lvl-node-1,-50
162685528000,2-lvl-node-2,-69
162746064000,2-lvl-node-1,-48
162806696000,2-lvl-node-1,-50
162866655000,2-lvl-node-1,-48
162928304000,2-lvl-node-2,-59
162987861000,2-lvl-node-2,-66
163048022000,2-lvl-node-1,-54
163107940000,2-lvl-node-2,-64
163168210000,2-lvl-node-1,-51
163228591000,2-lvl-node-2,-66
163609585000,2-lvl-node-1,-52
163668590000,2-lvl-node-2,-58
163729371000,2-lvl-node-2,-72
163786073000,2-lvl-node-1,-54
163850561000,2-lvl-node-1,-50
163910352000,2-lvl-node-1,-75
163970565000,2-lvl-node-2,-70
164041145000,2-lvl-node-2,-71
164111308000,2-lvl-node-1,-48
164181701000,2-lvl-node-2,-70
164252205000,2-lvl-node-2,-71
164321430000,2-lvl-node-2,-70
164392503000,2-lvl-node-2,-63
164463067000,2-lvl-node-2,-62
164533023000,2-lvl-node-1,-44
164604962000,2-lvl-node-1,-43
164684238000,2-lvl-node-1,-47
164754779000,2-lvl-node-2,-72
164834721000,2-lvl-node-1,-41
164924624000,2-lvl-node-2,-71
165005412000,2-lvl-node-2,-72
165085726000,2-lvl-node-2,-71
165166446000,2-lvl-node-2,-68
165256156000,2-lvl-node-1,-58
165346502000,2-lvl-node-1,-57
165426725000,2-lvl-node-2,-60
165507267000,2-lvl-node-1,-56
165583975000,2-lvl-node-1,-58
165666926000,2-lvl-node-1,-57
165748335000,2-lvl-node-1,-59
165828507000,2-lvl-node-2,-72
165909072000,2-lvl-node-1,-62
165989449000,2-lvl-node-1,-59
166069050000,2-lvl-node-2,-68
166149953000,2-lvl-node-2,-69
166230137000,2-lvl-node-1,-64
166320022000,2-lvl-node-1,-70
166399401000,2-lvl-node-1,-66
166480590000,2-lvl-node-2,-60
166561384000,2-lvl-node-1,-67
166638999000,2-lvl-node-1,-61
167815950000,2-lvl-node-2,-72
167881110000,2-lvl-node-2,-73
167952544000,2-lvl-node-1,-60
168042790000,2-lvl-node-1,-59
168132752000,2-lvl-node-2,-68
168220246000,2-lvl-node-1,-57
168292879000,2-lvl-node-1,-59
168383923000,2-lvl-node-1,-54
168474274000,2-lvl-node-1,-55
168554662000,2-lvl-node-1,-58
168645352000,2-lvl-node-2,-61
168725081000,2-lvl-node-1,-55
168814218000,2-lvl-node-1,-59
168895581000,2-lvl-node-1,-56
168985695000,2-lvl-node-1,-55
169066530000,2-lvl-node-2,-68
169146313000,2-lvl-node-1,-59
169236687000,2-lvl-node-1,-56
169327081000,2-lvl-node-2,-61
169407685000,2-lvl-node-2,-74
169498283000,2-lvl-node-1,-61
169577851000,2-lvl-node-1,-66
169657672000,2-lvl-node-1,-62
169748915000,2-lvl-node-2,-70
169839114000,2-lvl-node-2,-71
169929554000,2-lvl-node-2,-68
170020060000,2-lvl-node-2,-69
170110044000,2-lvl-node-1,-56
170199338000,2-lvl-node-2,-62
170290540000,2-lvl-node-2,-63
170380946000,2-lvl-node-1,-57
170470838000,2-lvl-node-2,-73
170562137000,2-lvl-node-1,-61
170647165000,2-lvl-node-2,-72
170741246000,2-lvl-node-1,-63
170832022000,2-lvl-node-1,-58
170922006000,2-lvl-node-1,-63
171013143000,2-lvl-node-1,-66
171102366000,2-lvl-node-2,-69
171194178000,2-lvl-node-2,-61
171304570000,2-lvl-node-1,-65
171404843000,2-lvl-node-1,-61
171505057000,2-lvl-node-1,-63
171615510000,2-lvl-node-1,-71
171715071000,2-lvl-node-1,-85
171810701000,2-lvl-node-1,-75
171911254000,2-lvl-node-1,-80
172012648000,2-lvl-node-1,-63
172116794000,2-lvl-node-1,-61
172217238000,2-lvl-node-2,-59
172317705000,2-lvl-node-2,-60
172417402000,2-lvl-node-1,-57
172517636000,2-lvl-node-2,-67
172628351000,2-lvl-node-1,-56
172748692000,2-lvl-node-1,-58
172868907000,2-lvl-node-1,-66
172979259000,2-lvl-node-1,-61
173089737000,2-lvl-node-1,-56
173209701000,2-lvl-node-1,-57
173319913000,2-lvl-node-1,-58
173430078000,2-lvl-node-1,-62
173550824000,2-lvl-node-2,-69
173661890000,2-lvl-node-1,-60
173772072000,2-lvl-node-2,-72
173882120000,2-lvl-node-1,-54
173993054000,2-lvl-node-2,-73
174103184000,2-lvl-node-2,-75
174219901000,2-lvl-node-2,-77
174331685000,2-lvl-node-2,-70
174453535000,2-lvl-node-1,-50
174563550000,2-lvl-node-2,-69
174683550000,2-lvl-node-2,-68
174793804000,2-lvl-node-2,-69
174914277000,2-lvl-node-1,-52
175034491000,2-lvl-node-2,-65
175154736000,2-lvl-node-1,-63
175284722000,2-lvl-node-2,-75
175404691000,2-lvl-node-2,-77
175525955000,2-lvl-node-2,-75
175645517000,2-lvl-node-2,-78
175770115000,2-lvl-node-2,-75
175896695000,2-lvl-node-1,-77
176055101000,2-lvl-node-2,-76
176115687000,2-lvl-node-2,-74
176176072000,2-lvl-node-1,-70
176235942000,2-lvl-node-2,-73
176295470000,2-lvl-node-1,-74
176356348000,2-lvl-node-2,-74
176436954000,2-lvl-node-2,-73
176497437000,2-lvl-node-1,-78
176557604000,2-lvl-node-2,-75
176617612000,2-lvl-node-1,-77
176689216000,2-lvl-node-2,-78
176758453000,2-lvl-node-2,-76
176818911000,2-lvl-node-1,-76
176880588000,2-lvl-node-2,-71
176955742000,2-lvl-node-2,-67
177018726000,2-lvl-node-1,-72
177079713000,2-lvl-node-1,-67
177140688000,2-lvl-node-1,-72
177210515000,2-lvl-node-2,-74
177280890000,2-lvl-node-2,-77
177361093000,2-lvl-node-1,-81
177441180000,2-lvl-node-2,-73
177512163000,2-lvl-node-2,-72
177578816000,2-lvl-node-2,-76
177653329000,2-lvl-node-1,-90
177724187000,2-lvl-node-1,-84
177803051000,2-lvl-node-2,-72
177872936000,2-lvl-node-1,-85
177943436000,2-lvl-node-2,-81
178023610000,2-lvl-node-2,-71
178093373000,2-lvl-node-1,-76
178174559000,2-lvl-node-2,-76
178254587000,2-lvl-node-1,-77
178334708000,2-lvl-node-2,-78
178415321000,2-lvl-node-2,-74
178495372000,2-lvl-node-2,-78
179654574000,2-lvl-node-1,-79
179715883000,2-lvl-node-1,-92
179777052000,2-lvl-node-3,-83
179856929000,2-lvl-node-1,-79
179927488000,2-lvl-node-3,-81
179997353000,2-lvl-node-3,-77
180067814000,2-lvl-node-1,-86
180138500000,2-lvl-node-1,-83
180208550000,2-lvl-node-3,-78
180278293000,2-lvl-node-1,-87
180350944000,2-lvl-node-3,-62
180439800000,2-lvl-node-1,-81
180520164000,2-lvl-node-3,-63
180600744000,2-lvl-node-2,-77
180680346000,2-lvl-node-1,-83
180761394000,2-lvl-node-3,-62
180840968000,2-lvl-node-3,-77
180931241000,2-lvl-node-3,-80
181011329000,2-lvl-node-3,-79
181092000000,2-lvl-node-3,-75
181182444000,2-lvl-node-3,-83
181262333000,2-lvl-node-2,-78
181343292000,2-lvl-node-3,-81
181422333000,2-lvl-node-2,-84
181499268000,2-lvl-node-1,-88
181583907000,2-lvl-node-3,-62
181663942000,2-lvl-node-3,-63
181743987000,2-lvl-node-1,-85
181844955000,2-lvl-node-1,-87
181925995000,2-lvl-node-2,-86
182003576000,2-lvl-node-1,-85
182087232000,2-lvl-node-2,-77
182172821000,2-lvl-node-2,-78
182256014000,2-lvl-node-1,-86
182337834000,2-lvl-node-3,-82
182427037000,2-lvl-node-1,-92
182512975000,2-lvl-node-2,-79
182594981000,2-lvl-node-3,-83
182679826000,2-lvl-node-2,-77
182779255000,2-lvl-node-3,-80
182879759000,2-lvl-node-3,-60
182978438000,2-lvl-node-1,-85
183069054000,2-lvl-node-3,-63
183160284000,2-lvl-node-2,-88
183249919000,2-lvl-node-2,-76
183340321000,2-lvl-node-3,-78
183430466000,2-lvl-node-2,-77
183530689000,2-lvl-node-2,-72
183620396000,2-lvl-node-1,-93
183711309000,2-lvl-node-1,-96
183802821000,2-lvl-node-2,-76
183901898000,2-lvl-node-3,-82
183992316000,2-lvl-node-3,-81
184092931000,2-lvl-node-3,-64
184194392000,2-lvl-node-3,-63
184288712000,2-lvl-node-3,-67
184403591000,2-lvl-node-3,-60
184514158000,2-lvl-node-3,-59
184624272000,2-lvl-node-3,-79
184724706000,2-lvl-node-3,-86
184834274000,2-lvl-node-2,-75
184947109000,2-lvl-node-1,-82
185045656000,2-lvl-node-2,-81
185155530000,2-lvl-node-2,-79
185255948000,2-lvl-node-2,-82
185351955000,2-lvl-node-3,-84
185457157000,2-lvl-node-2,-77
185567071000,2-lvl-node-2,-76
185674533000,2-lvl-node-3,-69
185777318000,2-lvl-node-2,-75
185899338000,2-lvl-node-1,-85
186018854000,2-lvl-node-3,-78
186138252000,2-lvl-node-3,-88
186248541000,2-lvl-node-3,-84
186368622000,2-lvl-node-1,-83
186479202000,2-lvl-node-2,-68
186589736000,2-lvl-node-2,-78
186710138000,2-lvl-node-2,-71
186820242000,2-lvl-node-3,-77
186930364000,2-lvl-node-1,-82
187051382000,2-lvl-node-1,-88
187158440000,2-lvl-node-3,-73
187271505000,2-lvl-node-3,-72
187377296000,2-lvl-node-2,-69
187492036000,2-lvl-node-2,-74
187922723000,2-lvl-node-3,-86
188032892000,2-lvl-node-3,-68
188153329000,2-lvl-node-1,-78
188273502000,2-lvl-node-2,-73
188393421000,2-lvl-node-1,-67
188514013000,2-lvl-node-2,-75
188624934000,2-lvl-node-1,-69
188744517000,2-lvl-node-1,-67
188864986000,2-lvl-node-3,-82
188984105000,2-lvl-node-2,-76
189104514000,2-lvl-node-1,-66
189225544000,2-lvl-node-2,-78
189346256000,2-lvl-node-3,-72
189461100000,2-lvl-node-3,-73
189582295000,2-lvl-node-1,-78
189755530000,2-lvl-node-1,-81
189815350000,2-lvl-node-1,-77
189886031000,2-lvl-node-2,-77
189944865000,2-lvl-node-3,-63
190005780000,2-lvl-node-1,-73
190074834000,2-lvl-node-3,-70
190137384000,2-lvl-node-1,-76
190205185000,2-lvl-node-3,-77
190264696000,2-lvl-node-2,-76
190327803000,2-lvl-node-1,-72
190393703000,2-lvl-node-2,-78
190459914000,2-lvl-node-1,-71
190538637000,2-lvl-node-3,-79
190619104000,2-lvl-node-1,-81
190699252000,2-lvl-node-2,-74
190779440000,2-lvl-node-2,-70
190849670000,2-lvl-node-1,-74
190920185000,2-lvl-node-3,-80
192085783000,2-lvl-node-2,-77
192152222000,2-lvl-node-3,-75
192209839000,2-lvl-node-3,-72
192272622000,2-lvl-node-2,-83
192331889000,2-lvl-node-3,-67
192392164000,2-lvl-node-2,-82
192452620000,2-lvl-node-2,-86
192512858000,2-lvl-node-3,-63
192572776000,2-lvl-node-2,-87
192629551000,2-lvl-node-1,-90
192694656000,2-lvl-node-2,-80
192753614000,2-lvl-node-1,-89
192815322000,2-lvl-node-2,-78
192875667000,2-lvl-node-1,-90
192934937000,2-lvl-node-3,-72
192996392000,2-lvl-node-2,-82
193065122000,2-lvl-node-1,-88
193126773000,2-lvl-node-2,-78
193194401000,2-lvl-node-2,-77
193266254000,2-lvl-node-1,-95
193338926000,2-lvl-node-2,-76
193406911000,2-lvl-node-2,-81
193477491000,2-lvl-node-3,-82
193560050000,2-lvl-node-2,-74
193648913000,2-lvl-node-1,-85
193719710000,2-lvl-node-1,-92
193788288000,2-lvl-node-3,-79
193858010000,2-lvl-node-3,-78
193930592000,2-lvl-node-1,-89
194019739000,2-lvl-node-2,-84
194097718000,2-lvl-node-1,-84
194166668000,2-lvl-node-2,-85
194240608000,2-lvl-node-2,-89
194320592000,2-lvl-node-3,-70
194403374000,2-lvl-node-2,-88
194482934000,2-lvl-node-2,-77
194559694000,2-lvl-node-2,-76
194642341000,2-lvl-node-2,-79
194722116000,2-lvl-node-1,-93
194815144000,2-lvl-node-2,-72
194891539000,2-lvl-node-2,-74
194983412000,2-lvl-node-2,-78
195061661000,2-lvl-node-1,-82
195147113000,2-lvl-node-1,-83
195225150000,2-lvl-node-2,-84
195304346000,2-lvl-node-2,-78
195394744000,2-lvl-node-2,-72
195470365000,2-lvl-node-2,-73
195553786000,2-lvl-node-1,-76
195645153000,2-lvl-node-2,-77
195736096000,2-lvl-node-2,-76
195826165000,2-lvl-node-2,-72
195906905000,2-lvl-node-2,-71
195997322000,2-lvl-node-3,-79
196085871000,2-lvl-node-3,-75
196177193000,2-lvl-node-1,-91
196267699000,2-lvl-node-2,-72
196358010000,2-lvl-node-3,-83
196448364000,2-lvl-node-2,-73
196539296000,2-lvl-node-3,-70
196629967000,2-lvl-node-2,-71
196719032000,2-lvl-node-1,-77
196809397000,2-lvl-node-1,-79
196900074000,2-lvl-node-2,-69
196990281000,2-lvl-node-2,-81
197081061000,2-lvl-node-3,-62
197170999000,2-lvl-node-2,-82
197261055000,2-lvl-node-2,-80
197352254000,2-lvl-node-1,-73
197451946000,2-lvl-node-1,-82
197551641000,2-lvl-node-1,-79
197642592000,2-lvl-node-1,-78
197743029000,2-lvl-node-3,-78
197843021000,2-lvl-node-3,-76
197943171000,2-lvl-node-2,-73
198043694000,2-lvl-node-3,-77
198153917000,2-lvl-node-2,-74
198254563000,2-lvl-node-3,-83
198355097000,2-lvl-node-3,-84
198455073000,2-lvl-node-2,-77
198565453000,2-lvl-node-3,-76
198665592000,2-lvl-node-2,-78
198772194000,2-lvl-node-2,-88
198885976000,2-lvl-node-2,-80
199001606000,2-lvl-node-2,-81
199106600000,2-lvl-node-2,-80
199217252000,2-lvl-node-2,-82
199327217000,2-lvl-node-3,-60
199437195000,2-lvl-node-2,-79
199548878000,2-lvl-node-3,-80
199658414000,2-lvl-node-1,-73
199768779000,2-lvl-node-1,-72
199877126000,2-lvl-node-1,-73
199989440000,2-lvl-node-3,-78
200109637000,2-lvl-node-1,-71
200220692000,2-lvl-node-1,-77
200330274000,2-lvl-node-3,-80
200440415000,2-lvl-node-1,-75
200550858000,2-lvl-node-2,-84
200662117000,2-lvl-node-1,-77
200769626000,2-lvl-node-2,-77
200881635000,2-lvl-node-2,-82
200992249000,2-lvl-node-2,-87
201102625000,2-lvl-node-3,-64
201212466000,2-lvl-node-2,-86
201322787000,2-lvl-node-3,-67
201431781000,2-lvl-node-3,-70
201543382000,2-lvl-node-1,-80
201653703000,2-lvl-node-3,-66
201764177000,2-lvl-node-1,-72
201894127000,2-lvl-node-1,-71
202024881000,2-lvl-node-1,-70
202154837000,2-lvl-node-2,-75
202273311000,2-lvl-node-3,-85
202395615000,2-lvl-node-1,-78
202515702000,2-lvl-node-1,-81
202635663000,2-lvl-node-1,-80
202755689000,2-lvl-node-1,-77
203995992000,2-lvl-node-2,-73
204051164000,2-lvl-node-1,-82
204104723000,2-lvl-node-1,-81
204156952000,2-lvl-node-3,-70
204216371000,2-lvl-node-1,-86
204266457000,2-lvl-node-1,-91
204317112000,2-lvl-node-1,-87
204377226000,2-lvl-node-3,-71
204437514000,2-lvl-node-2,-70
204497442000,2-lvl-node-1,-90
204557708000,2-lvl-node-2,-71
204618112000,2-lvl-node-1,-91
204678328000,2-lvl-node-2,-72
204740169000,2-lvl-node-3,-69
204795555000,2-lvl-node-1,-84
204850154000,2-lvl-node-3,-80
204909930000,2-lvl-node-3,-67
204971324000,2-lvl-node-2,-69
205030756000,2-lvl-node-3,-62
205099164000,2-lvl-node-3,-63
205159954000,2-lvl-node-1,-87
205221249000,2-lvl-node-3,-68
205283487000,2-lvl-node-2,-76
205341919000,2-lvl-node-1,-91
205400522000,2-lvl-node-2,-72
205462238000,2-lvl-node-1,-92
205519807000,2-lvl-node-3,-73
205594535000,2-lvl-node-1,-77
205663672000,2-lvl-node-3,-74
205723647000,2-lvl-node-2,-78
205793729000,2-lvl-node-1,-78
205864884000,2-lvl-node-3,-83
205945288000,2-lvl-node-3,-79
206014948000,2-lvl-node-2,-72
206085428000,2-lvl-node-1,-82
206154080000,2-lvl-node-3,-81
206225626000,2-lvl-node-2,-67
206295884000,2-lvl-node-3,-79
206366735000,2-lvl-node-3,-77
206446646000,2-lvl-node-2,-73
206517732000,2-lvl-node-1,-70
206587636000,2-lvl-node-1,-71
206669893000,2-lvl-node-3,-82
206747730000,2-lvl-node-1,-74
206818456000,2-lvl-node-1,-80
206909299000,2-lvl-node-3,-83
206989392000,2-lvl-node-3,-72
207064842000,2-lvl-node-2,-62
207140021000,2-lvl-node-3,-75
207220286000,2-lvl-node-1,-72
207300535000,2-lvl-node-2,-64
207379445000,2-lvl-node-2,-75
207461204000,2-lvl-node-3,-74
207551396000,2-lvl-node-1,-76
207641503000,2-lvl-node-1,-78
207721499000,2-lvl-node-3,-85
207812191000,2-lvl-node-2,-78
207892795000,2-lvl-node-1,-82
207971749000,2-lvl-node-1,-88
208053648000,2-lvl-node-2,-80
208131939000,2-lvl-node-3,-68
208213481000,2-lvl-node-2,-70
208294275000,2-lvl-node-2,-67
208385060000,2-lvl-node-1,-81
208474352000,2-lvl-node-1,-84
208554780000,2-lvl-node-1,-89
208645835000,2-lvl-node-3,-63
208735454000,2-lvl-node-2,-72
208825564000,2-lvl-node-1,-74
208918340000,2-lvl-node-3,-72
209006202000,2-lvl-node-1,-80
209097924000,2-lvl-node-3,-68
209187331000,2-lvl-node-1,-82
209274342000,2-lvl-node-3,-69
209357317000,2-lvl-node-2,-69
209447696000,2-lvl-node-1,-74
209537988000,2-lvl-node-1,-76
209629797000,2-lvl-node-3,-76
209719114000,2-lvl-node-3,-74
209810053000,2-lvl-node-3,-84
209909360000,2-lvl-node-3,-83
210002081000,2-lvl-node-1,-81
210100062000,2-lvl-node-2,-73
210190292000,2-lvl-node-2,-68
210290559000,2-lvl-node-3,-76
210400769000,2-lvl-node-1,-85
210501004000,2-lvl-node-1,-77
210611806000,2-lvl-node-1,-75
210713144000,2-lvl-node-3,-67
210812146000,2-lvl-node-2,-65
210912622000,2-lvl-node-2,-68
211023034000,2-lvl-node-2,-72
211131804000,2-lvl-node-1,-89
211243431000,2-lvl-node-2,-70
211354830000,2-lvl-node-3,-73
211474436000,2-lvl-node-3,-78
211580718000,2-lvl-node-3,-75
212035040000,2-lvl-node-2,-74
212146295000,2-lvl-node-3,-76
212255434000,2-lvl-node-1,-75
212375783000,2-lvl-node-3,-77
212495572000,2-lvl-node-1,-78
212606252000,2-lvl-node-2,-71
212716429000,2-lvl-node-1,-82
212826927000,2-lvl-node-2,-73
212936911000,2-lvl-node-2,-74
213047409000,2-lvl-node-2,-69
213158165000,2-lvl-node-3,-70
213268115000,2-lvl-node-3,-71
213388321000,2-lvl-node-1,-78
213508783000,2-lvl-node-1,-81
213619307000,2-lvl-node-1,-72
213730045000,2-lvl-node-2,-83
213839807000,2-lvl-node-1,-76
213949023000,2-lvl-node-1,-75
214059589000,2-lvl-node-2,-76
214181015000,2-lvl-node-3,-76
214292327000,2-lvl-node-2,-79
215485924000,2-lvl-node-3,-70
215581500000,2-lvl-node-3,-84
215681855000,2-lvl-node-2,-74
215793554000,2-lvl-node-3,-77
215902549000,2-lvl-node-3,-83
216019052000,2-lvl-node-3,-79
216123169000,2-lvl-node-3,-83
216233137000,2-lvl-node-3,-79
216354280000,2-lvl-node-3,-82
216464021000,2-lvl-node-1,-72
216574576000,2-lvl-node-1,-71
216694699000,2-lvl-node-2,-73
216804699000,2-lvl-node-2,-70
216915962000,2-lvl-node-3,-80
217024782000,2-lvl-node-2,-75
217135324000,2-lvl-node-1,-87
217245349000,2-lvl-node-1,-84
217360913000,2-lvl-node-1,-75
217477424000,2-lvl-node-1,-71
217646877000,2-lvl-node-3,-71
217705565000,2-lvl-node-1,-85
217761298000,2-lvl-node-3,-69
217815370000,2-lvl-node-1,-89
217867154000,2-lvl-node-2,-79
217926358000,2-lvl-node-3,-74
217987049000,2-lvl-node-3,-63
218042371000,2-lvl-node-2,-70
218107239000,2-lvl-node-1,-82
218167829000,2-lvl-node-2,-72
218223915000,2-lvl-node-1,-83
218287661000,2-lvl-node-3,-66
218352032000,2-lvl-node-1,-87
218417669000,2-lvl-node-1,-78
218478977000,2-lvl-node-2,-80
218534757000,2-lvl-node-1,-80
218599245000,2-lvl-node-2,-79
218660036000,2-lvl-node-3,-75
218720603000,2-lvl-node-2,-75
218780907000,2-lvl-node-2,-73
218839770000,2-lvl-node-1,-86
218901071000,2-lvl-node-2,-70
218962732000,2-lvl-node-3,-72
219033308000,2-lvl-node-2,-74
219091513000,2-lvl-node-1,-88
219153595000,2-lvl-node-3,-75
219222995000,2-lvl-node-2,-78
219283595000,2-lvl-node-3,-76
219354771000,2-lvl-node-1,-87
219424287000,2-lvl-node-2,-76
219494531000,2-lvl-node-1,-80
219561242000,2-lvl-node-2,-74
219648887000,2-lvl-node-2,-76
219724319000,2-lvl-node-1,-85
219793987000,2-lvl-node-1,-87
219878155000,2-lvl-node-2,-74
219956244000,2-lvl-node-2,-72
220026554000,2-lvl-node-3,-75
220096918000,2-lvl-node-1,-89
220167277000,2-lvl-node-2,-73
220249625000,2-lvl-node-1,-88
220325967000,2-lvl-node-1,-87
220399294000,2-lvl-node-2,-81
220478477000,2-lvl-node-2,-89
220558902000,2-lvl-node-3,-76
220639460000,2-lvl-node-3,-79
220719702000,2-lvl-node-1,-88
220809420000,2-lvl-node-2,-82
220890134000,2-lvl-node-3,-75
220971147000,2-lvl-node-1,-89
221050422000,2-lvl-node-1,-82
221140649000,2-lvl-node-1,-83
221222515000,2-lvl-node-3,-87
221301642000,2-lvl-node-3,-82
221388624000,2-lvl-node-3,-77
221474794000,2-lvl-node-3,-73
221562707000,2-lvl-node-1,-80
221642675000,2-lvl-node-2,-77
221723087000,2-lvl-node-3,-67
221803354000,2-lvl-node-3,-68
221890364000,2-lvl-node-1,-79
221976879000,2-lvl-node-2,-71
222076266000,2-lvl-node-3,-63
222174315000,2-lvl-node-2,-67
222264906000,2-lvl-node-2,-72
222354669000,2-lvl-node-3,-75
222445534000,2-lvl-node-3,-86
222536028000,2-lvl-node-3,-89
222626996000,2-lvl-node-3,-82
222714736000,2-lvl-node-2,-80
222806413000,2-lvl-node-2,-83
222896855000,2-lvl-node-2,-92
222987218000,2-lvl-node-3,-88
223077534000,2-lvl-node-2,-82
223173901000,2-lvl-node-3,-84
223268277000,2-lvl-node-3,-85
223359852000,2-lvl-node-2,-74
223469999000,2-lvl-node-3,-67
223570315000,2-lvl-node-2,-76
223669252000,2-lvl-node-1,-91
223760024000,2-lvl-node-1,-89
223860100000,2-lvl-node-1,-88
223971452000,2-lvl-node-2,-71
224077370000,2-lvl-node-3,-63
224191298000,2-lvl-node-1,-95
224301166000,2-lvl-node-2,-79
224401850000,2-lvl-node-1,-90
224512406000,2-lvl-node-2,-72
224622331000,2-lvl-node-1,-81
224722745000,2-lvl-node-1,-79
224822985000,2-lvl-node-1,-82
224923382000,2-lvl-node-1,-83
225033989000,2-lvl-node-3,-80
225144043000,2-lvl-node-1,-95
225266001000,2-lvl-node-3,-63
225374560000,2-lvl-node-3,-60
225485954000,2-lvl-node-2,-75
225594833000,2-lvl-node-2,-74
225705029000,2-lvl-node-3,-71
226892458000,2-lvl-node-3,-79
226983135000,2-lvl-node-3,-63
227086267000,2-lvl-node-1,-73
227186745000,2-lvl-node-2,-72
227286966000,2-lvl-node-1,-82
227387155000,2-lvl-node-1,-84
227487481000,2-lvl-node-1,-80
227587944000,2-lvl-node-1,-77
227699678000,2-lvl-node-3,-76
227808093000,2-lvl-node-1,-70
227915868000,2-lvl-node-3,-72
228029190000,2-lvl-node-2,-74
228139179000,2-lvl-node-2,-72
228239738000,2-lvl-node-1,-82
228349913000,2-lvl-node-2,-70
228460796000,2-lvl-node-3,-67
228581009000,2-lvl-node-3,-62
228691182000,2-lvl-node-3,-67
228811135000,2-lvl-node-3,-70
228922957000,2-lvl-node-3,-67
229042029000,2-lvl-node-3,-68
229152473000,2-lvl-node-2,-76
229272571000,2-lvl-node-3,-62
229392836000,2-lvl-node-3,-69
229513541000,2-lvl-node-1,-97
229618704000,2-lvl-node-2,-80
229719415000,2-lvl-node-2,-72
229821330000,2-lvl-node-3,-82
229934072000,2-lvl-node-2,-76
230044465000,2-lvl-node-2,-75
230175004000,2-lvl-node-3,-84
230295954000,2-lvl-node-2,-77
230414855000,2-lvl-node-3,-78
230535763000,2-lvl-node-3,-74
230655695000,2-lvl-node-3,-69
230776936000,2-lvl-node-3,-62
230896229000,2-lvl-node-3,-61
231065767000,2-lvl-node-2,-71
231125525000,2-lvl-node-3,-65
231181133000,2-lvl-node-1,-88
231235647000,2-lvl-node-3,-71
231291854000,2-lvl-node-1,-81
231356477000,2-lvl-node-3,-79
231417007000,2-lvl-node-1,-82
231476935000,2-lvl-node-3,-74
231536497000,2-lvl-node-3,-78
231597374000,2-lvl-node-2,-72
231659856000,2-lvl-node-1,-85
231718479000,2-lvl-node-1,-83
231779739000,2-lvl-node-3,-79
231854686000,2-lvl-node-3,-85
231914544000,2-lvl-node-2,-76
231979366000,2-lvl-node-3,-78
232039999000,2-lvl-node-2,-75
232099979000,2-lvl-node-3,-79
232170558000,2-lvl-node-1,-86
232230847000,2-lvl-node-2,-72
232301076000,2-lvl-node-3,-83
232370833000,2-lvl-node-3,-78
232441770000,2-lvl-node-2,-77
232511986000,2-lvl-node-3,-80
232578466000,2-lvl-node-1,-95
232652374000,2-lvl-node-2,-78
232722501000,2-lvl-node-3,-59
232803663000,2-lvl-node-3,-61
232874048000,2-lvl-node-1,-84
232955767000,2-lvl-node-2,-80
233024674000,2-lvl-node-1,-90
233095589000,2-lvl-node-3,-81
233163947000,2-lvl-node-1,-81
233245010000,2-lvl-node-3,-63
233315785000,2-lvl-node-3,-70
233383689000,2-lvl-node-2,-83
233457787000,2-lvl-node-3,-77
233536731000,2-lvl-node-3,-82
233617242000,2-lvl-node-3,-89
233698610000,2-lvl-node-2,-72
233778553000,2-lvl-node-3,-78
233857652000,2-lvl-node-3,-81
233950607000,2-lvl-node-2,-74
234028738000,2-lvl-node-3,-82
234118566000,2-lvl-node-1,-86
234198907000,2-lvl-node-3,-78
234278963000,2-lvl-node-2,-71
234355458000,2-lvl-node-1,-82
234448116000,2-lvl-node-2,-72
234529251000,2-lvl-node-1,-80
234610561000,2-lvl-node-3,-59
234701094000,2-lvl-node-2,-84
234781433000,2-lvl-node-3,-58
234867182000,2-lvl-node-2,-81
234962506000,2-lvl-node-3,-62
235044403000,2-lvl-node-2,-80
235123995000,2-lvl-node-1,-75
235212810000,2-lvl-node-1,-76
235303966000,2-lvl-node-2,-74
235383286000,2-lvl-node-2,-79
235462529000,2-lvl-node-1,-82
235544071000,2-lvl-node-1,-84
235633719000,2-lvl-node-1,-82
235714452000,2-lvl-node-1,-95
235814677000,2-lvl-node-1,-80
235904911000,2-lvl-node-2,-74
235993866000,2-lvl-node-1,-77
236085008000,2-lvl-node-3,-79
236176188000,2-lvl-node-2,-73
236266596000,2-lvl-node-1,-68
236356848000,2-lvl-node-1,-70
236442375000,2-lvl-node-2,-83
236538425000,2-lvl-node-1,-76
236638292000,2-lvl-node-3,-65
236738847000,2-lvl-node-1,-78
236838257000,2-lvl-node-3,-66
237298397000,2-lvl-node-2,-75
237408833000,2-lvl-node-2,-70
237517235000,2-lvl-node-2,-71
237619389000,2-lvl-node-2,-72
237731052000,2-lvl-node-3,-83
238935739000,2-lvl-node-1,-77
239020228000,2-lvl-node-3,-81
239110414000,2-lvl-node-1,-81
239200942000,2-lvl-node-1,-80
239291812000,2-lvl-node-2,-74
239381748000,2-lvl-node-1,-81
239472965000,2-lvl-node-2,-76
239572578000,2-lvl-node-2,-78
239662100000,2-lvl-node-2,-75
239752847000,2-lvl-node-3,-78
239843192000,2-lvl-node-3,-74
239938834000,2-lvl-node-3,-79
240043517000,2-lvl-node-1,-87
240133525000,2-lvl-node-2,-79
240224799000,2-lvl-node-3,-62
240311130000,2-lvl-node-2,-76
240415052000,2-lvl-node-3,-58
240516811000,2-lvl-node-2,-74
240615496000,2-lvl-node-2,-77
240705494000,2-lvl-node-2,-73
240816193000,2-lvl-node-3,-77
240916542000,2-lvl-node-3,-80
241029456000,2-lvl-node-3,-79
241138514000,2-lvl-node-1,-75
241237444000,2-lvl-node-2,-89
241337820000,2-lvl-node-3,-80
241438414000,2-lvl-node-2,-73
241538754000,2-lvl-node-2,-75
241648849000,2-lvl-node-2,-81
241749040000,2-lvl-node-3,-83
241849779000,2-lvl-node-2,-87
241959593000,2-lvl-node-3,-82
242080203000,2-lvl-node-3,-81
242189625000,2-lvl-node-2,-69
242300627000,2-lvl-node-2,-76
242421249000,2-lvl-node-1,-80
242531526000,2-lvl-node-1,-81
242641514000,2-lvl-node-3,-62
242752173000,2-lvl-node-1,-78
242862769000,2-lvl-node-3,-66
242972613000,2-lvl-node-3,-75
243082654000,2-lvl-node-1,-74
243193275000,2-lvl-node-3,-73
243313689000,2-lvl-node-3,-70
243423695000,2-lvl-node-3,-66
243530447000,2-lvl-node-2,-71
243654113000,2-lvl-node-2,-74
243774221000,2-lvl-node-2,-93
243894906000,2-lvl-node-2,-78
244014845000,2-lvl-node-1,-85
244134632000,2-lvl-node-1,-81
244245444000,2-lvl-node-1,-83
244365630000,2-lvl-node-1,-89
244485681000,2-lvl-node-2,-79
244595880000,2-lvl-node-2,-77
244765736000,2-lvl-node-3,-59
244825591000,2-lvl-node-1,-90
244885562000,2-lvl-node-2,-78
244945522000,2-lvl-node-3,-67
245005986000,2-lvl-node-2,-80
245066630000,2-lvl-node-1,-82
245128024000,2-lvl-node-2,-82
245197598000,2-lvl-node-2,-84
245253003000,2-lvl-node-3,-71
245307055000,2-lvl-node-2,-75
245368502000,2-lvl-node-1,-81
245428018000,2-lvl-node-2,-73
245488449000,2-lvl-node-1,-80
245548597000,2-lvl-node-2,-72
245609460000,2-lvl-node-3,-88
245668763000,2-lvl-node-3,-89
245726690000,2-lvl-node-2,-75
245787083000,2-lvl-node-1,-77
245850279000,2-lvl-node-2,-85
245921031000,2-lvl-node-1,-75
245980773000,2-lvl-node-2,-78
246040990000,2-lvl-node-3,-88
246108278000,2-lvl-node-3,-79
246181821000,2-lvl-node-2,-73
246262186000,2-lvl-node-3,-66
246334006000,2-lvl-node-1,-81
246413409000,2-lvl-node-3,-60
246483066000,2-lvl-node-2,-75
246553261000,2-lvl-node-1,-87
246634285000,2-lvl-node-1,-74
246713679000,2-lvl-node-2,-74
246784589000,2-lvl-node-1,-77
246864749000,2-lvl-node-1,-72
246934552000,2-lvl-node-2,-76
247014150000,2-lvl-node-2,-77
247095749000,2-lvl-node-3,-77
247186293000,2-lvl-node-3,-81
247266617000,2-lvl-node-3,-83
247346438000,2-lvl-node-1,-89
247427177000,2-lvl-node-2,-79
247507306000,2-lvl-node-3,-82
247584846000,2-lvl-node-3,-89
247657688000,2-lvl-node-2,-77
247748433000,2-lvl-node-2,-80
247828751000,2-lvl-node-3,-65
247919132000,2-lvl-node-3,-60
248005714000,2-lvl-node-3,-58
248099767000,2-lvl-node-3,-55
248178216000,2-lvl-node-2,-77
248259648000,2-lvl-node-1,-76
248340468000,2-lvl-node-3,-73
248420395000,2-lvl-node-2,-81
248510788000,2-lvl-node-2,-77
248591239000,2-lvl-node-2,-80
248671707000,2-lvl-node-3,-82
248762370000,2-lvl-node-3,-86
248849293000,2-lvl-node-3,-89
248943226000,2-lvl-node-3,-88
249032790000,2-lvl-node-2,-72
249123107000,2-lvl-node-2,-73
249213954000,2-lvl-node-1,-83
249303898000,2-lvl-node-3,-91
249394213000,2-lvl-node-3,-84
250576051000,2-lvl-node-2,-81
250654979000,2-lvl-node-1,-79
250744870000,2-lvl-node-3,-83
250825223000,2-lvl-node-2,-73
250912283000,2-lvl-node-3,-78
250994738000,2-lvl-node-1,-83
251086646000,2-lvl-node-1,-85
251166912000,2-lvl-node-3,-81
251243771000,2-lvl-node-1,-86
251327829000,2-lvl-node-2,-77
251418477000,2-lvl-node-3,-78
251507997000,2-lvl-node-2,-76
251588259000,2-lvl-node-1,-90
251680469000,2-lvl-node-1,-86
251768791000,2-lvl-node-2,-67
251859415000,2-lvl-node-2,-72
251948635000,2-lvl-node-2,-71
252042585000,2-lvl-node-2,-75
252129583000,2-lvl-node-1,-91
252217841000,2-lvl-node-2,-81
252310196000,2-lvl-node-2,-79
252401147000,2-lvl-node-2,-73
252492404000,2-lvl-node-2,-74
252583376000,2-lvl-node-3,-56
252671976000,2-lvl-node-1,-81
252762320000,2-lvl-node-1,-94
252852809000,2-lvl-node-1,-82
252942819000,2-lvl-node-1,-92
253043389000,2-lvl-node-2,-78
253132284000,2-lvl-node-1,-86
253221292000,2-lvl-node-2,-79
253327773000,2-lvl-node-3,-78
253434355000,2-lvl-node-3,-83
253535227000,2-lvl-node-2,-77
253645608000,2-lvl-node-2,-69
253745608000,2-lvl-node-3,-61
253846733000,2-lvl-node-2,-70
253955904000,2-lvl-node-1,-84
254068504000,2-lvl-node-3,-60
254166730000,2-lvl-node-2,-79
254269810000,2-lvl-node-2,-75
254388040000,2-lvl-node-3,-81
254493255000,2-lvl-node-1,-77
254604106000,2-lvl-node-3,-77
254716711000,2-lvl-node-2,-72
254823765000,2-lvl-node-3,-78
254938563000,2-lvl-node-1,-73
255058702000,2-lvl-node-3,-79
255169349000,2-lvl-node-1,-74
255279272000,2-lvl-node-3,-78
255389936000,2-lvl-node-3,-72
255510383000,2-lvl-node-1,-78
255620846000,2-lvl-node-3,-73
255730033000,2-lvl-node-2,-68
255841373000,2-lvl-node-2,-69
255951151000,2-lvl-node-1,-92
256072293000,2-lvl-node-3,-68
256182614000,2-lvl-node-1,-94
256292780000,2-lvl-node-3,-67
256402836000,2-lvl-node-3,-73
256521182000,2-lvl-node-3,-67
256643300000,2-lvl-node-1,-85
256753785000,2-lvl-node-3,-68
256864208000,2-lvl-node-3,-72
256984211000,2-lvl-node-3,-82
257094641000,2-lvl-node-3,-84
257225753000,2-lvl-node-3,-86
257344871000,2-lvl-node-3,-85
257465705000,2-lvl-node-3,-83
257586253000,2-lvl-node-1,-82
257705211000,2-lvl-node-2,-78
257826047000,2-lvl-node-3,-65
257946923000,2-lvl-node-1,-85
258115425000,2-lvl-node-2,-84
258175876000,2-lvl-node-3,-63
258235029000,2-lvl-node-1,-91
258292920000,2-lvl-node-3,-67
258355486000,2-lvl-node-3,-66
258416846000,2-lvl-node-3,-76
258476678000,2-lvl-node-2,-76
258536066000,2-lvl-node-2,-77
258597244000,2-lvl-node-3,-84
258666667000,2-lvl-node-2,-75
258728403000,2-lvl-node-3,-78
258788253000,2-lvl-node-1,-84
258859940000,2-lvl-node-3,-77
258929596000,2-lvl-node-1,-93
258999314000,2-lvl-node-1,-86
259059319000,2-lvl-node-3,-84
259119344000,2-lvl-node-3,-88
259197582000,2-lvl-node-2,-79
259280531000,2-lvl-node-3,-86
259362388000,2-lvl-node-1,-91
259441484000,2-lvl-node-3,-76
259516421000,2-lvl-node-2,-71
259591783000,2-lvl-node-3,-74
259672121000,2-lvl-node-3,-72
259750395000,2-lvl-node-3,-68
259830251000,2-lvl-node-2,-76
259913111000,2-lvl-node-3,-62
259993513000,2-lvl-node-3,-61
260064427000,2-lvl-node-3,-60
260143853000,2-lvl-node-2,-74
260215644000,2-lvl-node-1,-86
260294968000,2-lvl-node-3,-64
260375532000,2-lvl-node-3,-62
260455085000,2-lvl-node-2,-72
260535481000,2-lvl-node-3,-75
260616152000,2-lvl-node-3,-88
260706349000,2-lvl-node-3,-81
260796720000,2-lvl-node-2,-75
260876411000,2-lvl-node-2,-76
260957006000,2-lvl-node-3,-86
261037595000,2-lvl-node-3,-87
261118370000,2-lvl-node-1,-88
261197593000,2-lvl-node-2,-69
261279608000,2-lvl-node-3,-81
261358777000,2-lvl-node-3,-59
262516063000,2-lvl-node-1,-73
262579152000,2-lvl-node-3,-53
262648518000,2-lvl-node-2,-66
262719972000,2-lvl-node-1,-83
263007194000,2-lvl-node-3,-55
263080232000,2-lvl-node-2,-80
263161984000,2-lvl-node-3,-78
263241199000,2-lvl-node-1,-79
263319312000,2-lvl-node-1,-72
263391454000,2-lvl-node-2,-73
263483588000,2-lvl-node-3,-79
263562301000,2-lvl-node-1,-85
263652186000,2-lvl-node-2,-63
263730228000,2-lvl-node-3,-77
263802828000,2-lvl-node-2,-74
263883527000,2-lvl-node-3,-55
263964168000,2-lvl-node-1,-84
264049978000,2-lvl-node-3,-56
264130867000,2-lvl-node-2,-69
264224528000,2-lvl-node-2,-73
264306272000,2-lvl-node-3,-73
264385003000,2-lvl-node-1,-83
264465999000,2-lvl-node-1,-80
264556163000,2-lvl-node-3,-84
264637165000,2-lvl-node-3,-83
264736662000,2-lvl-node-1,-91
264816759000,2-lvl-node-3,-81
264897322000,2-lvl-node-1,-94
264984118000,2-lvl-node-3,-82
265070578000,2-lvl-node-2,-75
265158966000,2-lvl-node-1,-88
265248616000,2-lvl-node-1,-87
265339053000,2-lvl-node-3,-89
265429096000,2-lvl-node-3,-83
265519743000,2-lvl-node-3,-64
265609894000,2-lvl-node-3,-62
265700310000,2-lvl-node-2,-74
265791475000,2-lvl-node-1,-92
265880683000,2-lvl-node-3,-58
265972100000,2-lvl-node-3,-63
266068064000,2-lvl-node-3,-79
266161412000,2-lvl-node-2,-78
266247509000,2-lvl-node-1,-89
266342066000,2-lvl-node-2,-81
266429133000,2-lvl-node-3,-82
266523296000,2-lvl-node-2,-82
266614086000,2-lvl-node-2,-74
266713470000,2-lvl-node-1,-90
266823688000,2-lvl-node-3,-78
266934300000,2-lvl-node-3,-79
267034608000,2-lvl-node-3,-71
267144927000,2-lvl-node-1,-82
267254993000,2-lvl-node-1,-85
267355298000,2-lvl-node-3,-69
267465714000,2-lvl-node-2,-76
267577008000,2-lvl-node-2,-79
267676012000,2-lvl-node-2,-82
267776224000,2-lvl-node-2,-81
267886590000,2-lvl-node-1,-96
267997186000,2-lvl-node-1,-92
268118360000,2-lvl-node-3,-83
268227998000,2-lvl-node-3,-88
268344642000,2-lvl-node-2,-75
268460232000,2-lvl-node-3,-82
268578961000,2-lvl-node-3,-78
268698632000,2-lvl-node-2,-73
268815637000,2-lvl-node-3,-62
268920005000,2-lvl-node-3,-66
269039947000,2-lvl-node-3,-67
269162016000,2-lvl-node-3,-68
269270749000,2-lvl-node-2,-84
269382049000,2-lvl-node-1,-90
269505268000,2-lvl-node-3,-80
269611633000,2-lvl-node-3,-82
269731634000,2-lvl-node-3,-80
269851934000,2-lvl-node-1,-96
269972497000,2-lvl-node-2,-72
270092567000,2-lvl-node-3,-79
270212972000,2-lvl-node-2,-73
270333508000,2-lvl-node-2,-75
270449100000,2-lvl-node-2,-72
270574098000,2-lvl-node-3,-70
270694793000,2-lvl-node-3,-66
270814821000,2-lvl-node-3,-70
270945234000,2-lvl-node-2,-75
271065914000,2-lvl-node-1,-91
271185700000,2-lvl-node-2,-72
271306013000,2-lvl-node-1,-82
271426209000,2-lvl-node-3,-75
271546929000,2-lvl-node-1,-94
271677972000,2-lvl-node-1,-92
271798873000,2-lvl-node-1,-88
271972357000,2-lvl-node-3,-85
272035636000,2-lvl-node-1,-80
272097544000,2-lvl-node-2,-82
272165977000,2-lvl-node-1,-79
272234127000,2-lvl-node-2,-78
272298571000,2-lvl-node-3,-61
272356846000,2-lvl-node-1,-88
272426189000,2-lvl-node-2,-74
272503572000,2-lvl-node-2,-71
272568069000,2-lvl-node-1,-89
272636001000,2-lvl-node-2,-70
272718847000,2-lvl-node-2,-73
272788986000,2-lvl-node-3,-82
272859523000,2-lvl-node-1,-86
272938636000,2-lvl-node-3,-81
273009914000,2-lvl-node-1,-79
273079926000,2-lvl-node-3,-82
273161688000,2-lvl-node-2,-74
273239121000,2-lvl-node-2,-71
273320794000,2-lvl-node-1,-90
273390556000,2-lvl-node-3,-68
273471886000,2-lvl-node-2,-69
273552691000,2-lvl-node-2,-70
273631923000,2-lvl-node-1,-84
273712724000,2-lvl-node-1,-80
273792498000,2-lvl-node-2,-71
274946096000,2-lvl-node-3,-66
275012988000,2-lvl-node-2,-73
275073855000,2-lvl-node-3,-82
275142370000,2-lvl-node-2,-82
275204234000,2-lvl-node-3,-86
275263634000,2-lvl-node-1,-81
275323944000,2-lvl-node-1,-80
275385014000,2-lvl-node-1,-78
275454731000,2-lvl-node-2,-75
275526089000,2-lvl-node-3,-60
275593405000,2-lvl-node-3,-59
275676501000,2-lvl-node-1,-75
275757213000,2-lvl-node-2,-79
275827155000,2-lvl-node-3,-61
275897642000,2-lvl-node-3,-64
275979615000,2-lvl-node-3,-63
276047837000,2-lvl-node-1,-76
276128716000,2-lvl-node-1,-74
276209039000,2-lvl-node-3,-84
276278996000,2-lvl-node-2,-76
276359155000,2-lvl-node-1,-86
276440113000,2-lvl-node-3,-77
276530394000,2-lvl-node-3,-82
276620391000,2-lvl-node-1,-82
276700432000,2-lvl-node-2,-73
276790679000,2-lvl-node-3,-84
276881478000,2-lvl-node-3,-82
276971791000,2-lvl-node-3,-86
277049004000,2-lvl-node-1,-76
277131117000,2-lvl-node-1,-77
277223071000,2-lvl-node-2,-78
277303705000,2-lvl-node-3,-64
277383149000,2-lvl-node-3,-60
277470178000,2-lvl-node-3,-59
277553077000,2-lvl-node-1,-82
277634218000,2-lvl-node-2,-77
277724096000,2-lvl-node-1,-87
277804712000,2-lvl-node-3,-79
277904936000,2-lvl-node-1,-78
277995432000,2-lvl-node-1,-77
278085366000,2-lvl-node-1,-76
278175889000,2-lvl-node-2,-69
278266122000,2-lvl-node-2,-72
278356427000,2-lvl-node-3,-73
278446671000,2-lvl-node-3,-88
278547118000,2-lvl-node-3,-86
278637764000,2-lvl-node-3,-74
278726303000,2-lvl-node-3,-68
278818127000,2-lvl-node-1,-89
278908432000,2-lvl-node-2,-69
278998910000,2-lvl-node-2,-72
279084644000,2-lvl-node-3,-70
279179980000,2-lvl-node-2,-74
279269573000,2-lvl-node-3,-72
279369702000,2-lvl-node-3,-77
279459966000,2-lvl-node-1,-86
279561405000,2-lvl-node-3,-76
279657454000,2-lvl-node-1,-94
279750966000,2-lvl-node-2,-82
279851237000,2-lvl-node-2,-72
279941783000,2-lvl-node-2,-89
280042123000,2-lvl-node-3,-81
280143904000,2-lvl-node-1,-80
280252863000,2-lvl-node-3,-65
280363244000,2-lvl-node-2,-75
280473517000,2-lvl-node-2,-70
280573101000,2-lvl-node-3,-67
280684022000,2-lvl-node-2,-73
280784759000,2-lvl-node-2,-75
280894688000,2-lvl-node-3,-75
280994751000,2-lvl-node-3,-82
281094888000,2-lvl-node-3,-79
281205370000,2-lvl-node-3,-68
281300911000,2-lvl-node-2,-71
281402863000,2-lvl-node-2,-63
281506301000,2-lvl-node-2,-66
281626479000,2-lvl-node-2,-80
281737352000,2-lvl-node-3,-81
281846872000,2-lvl-node-2,-78
281967450000,2-lvl-node-2,-81
282087086000,2-lvl-node-2,-86
282210830000,2-lvl-node-2,-80
282314537000,2-lvl-node-3,-60
282429068000,2-lvl-node-1,-90
282539519000,2-lvl-node-3,-86
282659784000,2-lvl-node-3,-78
282775382000,2-lvl-node-2,-75
282899817000,2-lvl-node-3,-77
283020341000,2-lvl-node-2,-77
283141359000,2-lvl-node-3,-79
283260804000,2-lvl-node-3,-63
283381293000,2-lvl-node-3,-62
283501343000,2-lvl-node-3,-63
283621953000,2-lvl-node-3,-58
283740434000,2-lvl-node-2,-75
283862264000,2-lvl-node-2,-87
283982822000,2-lvl-node-3,-81
284103531000,2-lvl-node-3,-79
284223113000,2-lvl-node-3,-77
284343116000,2-lvl-node-3,-83
284453667000,2-lvl-node-2,-75
284564216000,2-lvl-node-3,-78
285030159000,2-lvl-node-3,-65
285156086000,2-lvl-node-1,-96
285274617000,2-lvl-node-3,-87
285395661000,2-lvl-node-2,-74
285515855000,2-lvl-node-2,-71
285635221000,2-lvl-node-3,-77
285756422000,2-lvl-node-2,-74
285876639000,2-lvl-node-2,-82
286055652000,2-lvl-node-3,-79
286115310000,2-lvl-node-3,-61
286186688000,2-lvl-node-2,-72
286256093000,2-lvl-node-2,-81
286316198000,2-lvl-node-3,-67
286382592000,2-lvl-node-1,-92
286446845000,2-lvl-node-3,-59
286506782000,2-lvl-node-2,-73
287656142000,2-lvl-node-2,-76
287707167000,2-lvl-node-3,-74
287768058000,2-lvl-node-3,-62
287827466000,2-lvl-node-2,-71
287888244000,2-lvl-node-3,-55
287944180000,2-lvl-node-2,-76
287999119000,2-lvl-node-3,-70
288058755000,2-lvl-node-1,-96
288119800000,2-lvl-node-3,-78
288179826000,2-lvl-node-3,-89
288241285000,2-lvl-node-2,-75
288300853000,2-lvl-node-3,-78
288360939000,2-lvl-node-2,-79
288421320000,2-lvl-node-3,-82
288477993000,2-lvl-node-2,-76
288541906000,2-lvl-node-3,-71
288598853000,2-lvl-node-3,-73
288651923000,2-lvl-node-1,-94
288710157000,2-lvl-node-3,-76
288772790000,2-lvl-node-2,-67
288843634000,2-lvl-node-3,-66
288903417000,2-lvl-node-2,-66
288963371000,2-lvl-node-3,-59
289023073000,2-lvl-node-3,-58
289084177000,2-lvl-node-2,-78
289154676000,2-lvl-node-3,-60
289226125000,2-lvl-node-3,-62
289305695000,2-lvl-node-2,-75
289385896000,2-lvl-node-3,-78
289466453000,2-lvl-node-3,-76
289536658000,2-lvl-node-2,-83
289617286000,2-lvl-node-2,-68
289686976000,2-lvl-node-3,-78
289767742000,2-lvl-node-1,-90
289847553000,2-lvl-node-2,-66
289928529000,2-lvl-node-2,-69
290010044000,2-lvl-node-3,-79
290088854000,2-lvl-node-3,-77
290160517000,2-lvl-node-2,-72
290239875000,2-lvl-node-2,-73
290329432000,2-lvl-node-3,-67
290410021000,2-lvl-node-3,-68
290497147000,2-lvl-node-3,-63
290580430000,2-lvl-node-2,-83
290671227000,2-lvl-node-2,-75
290751073000,2-lvl-node-3,-74
290841517000,2-lvl-node-3,-87
290922147000,2-lvl-node-3,-75
291002296000,2-lvl-node-2,-66
291081745000,2-lvl-node-3,-76
291174150000,2-lvl-node-3,-90
291252844000,2-lvl-node-3,-81
291333736000,2-lvl-node-3,-76
291413542000,2-lvl-node-2,-84
291505285000,2-lvl-node-3,-78
291584366000,2-lvl-node-3,-62
291674766000,2-lvl-node-3,-77
291774537000,2-lvl-node-2,-76
291865484000,2-lvl-node-3,-57
291956002000,2-lvl-node-3,-70
292045804000,2-lvl-node-2,-73
292136359000,2-lvl-node-2,-76
292226278000,2-lvl-node-3,-92
292316840000,2-lvl-node-3,-90
292407261000,2-lvl-node-3,-82
292497708000,2-lvl-node-3,-81
292587812000,2-lvl-node-3,-87
292677905000,2-lvl-node-2,-74
292763597000,2-lvl-node-2,-65
292858320000,2-lvl-node-3,-60
292958692000,2-lvl-node-3,-59
293049333000,2-lvl-node-3,-68
293139250000,2-lvl-node-2,-77
293229966000,2-lvl-node-3,-59
293320551000,2-lvl-node-3,-79
293406785000,2-lvl-node-2,-79
293500474000,2-lvl-node-3,-73
293603111000,2-lvl-node-3,-82
293701639000,2-lvl-node-3,-73
293801499000,2-lvl-node-3,-72
293912257000,2-lvl-node-2,-78
294012735000,2-lvl-node-2,-75
294112486000,2-lvl-node-2,-73
294213031000,2-lvl-node-3,-57
294323380000,2-lvl-node-2,-72
294433576000,2-lvl-node-2,-79
294534174000,2-lvl-node-2,-77
294634564000,2-lvl-node-2,-84
294744180000,2-lvl-node-3,-76
